汉字,假名(读音),词性,词义
ああ,ああ,副，感,那样，啊
相容れない,あいいれない,形,不一致；不融洽
相打つ，相搏つ,あいうつ,自五,搏斗；激战
相変わらず,あいかわらず,副,照旧、仍旧
愛する,あいする,サ変,疼爱；喜好
相次ぐ，相継ぐ,あいつぐ,子午,相继发生
相俟って,あいまって,副,相结合、相辅
会う,あう,自五,会面、见面
逢う,あう,自五,偶然碰见
合う,あう,自五，補助,一致、符合；互相
遭う，遇う,あう,自五,遇到、遭遇
喘ぐ,あえぐ,自五,喘息、挣扎
敢えて,あえて,副,强行、斗胆；未必、不必
和える,あえる,他下一,（用盐、醋、酱和芝麻等）拌食品
青い,あおい,形,青色、蓝色、绿色；不成熟
蒼い,あおい,形,脸色不好
仰ぐ,あおぐ,他五,仰视；尊敬；依靠、仰仗；一口气喝完
扇ぐ,あおぐ,他五,扇风
煽ぐ,あおぐ,他五,煽动
青臭い,あおくさい,形,有青草味；不成熟的
青白い，蒼白い,あおじろい,形,脸色苍白、无血色
青田刈り,あおたがり,名,割青苗；敲定、录用在校学生
仰向く,あおむく,自五,仰面；仰起
煽り,あおり,名,（暴风的）冲击；牵累、余波；煽动
煽る,あおる,塔五,煽动；哄抬
赤い,あかい,形,红色的；共产主义的
足掻く,あがく,自五,（马用前蹄）刨地；挣扎；焦躁
飽かす,あかす,他五,令人厌腻；不吝啬、充分使用
明かす,あかす,他五,过夜；证明；道破、透露
赤ちゃん,あかちゃん,名,婴儿
明かり,あかり,名,光线；灯光
上がる,あがる,自五，補助,上、登、升；提高、长进；（谦语）去；结束、完成；怯场；（敬语）吃、喝；做好；完全
揚がる,あがる,自五,炸好
明るい,あかるい,形,明亮的；开朗、活泼的；通晓
空き,あき,名,空闲；缺编、空缺
飽き，厭き,あき,名,厌、腻
空き巣,あきす,名,空窝；空宅、空房子
商う,あきなう,他五,经商
明らか,あきらか,形動,明亮；明显、显然、确切
諦める,あきらめる,他下一,放弃、死心
飽きる,あきる,自上一,厌烦
呆れる,あきれる,自下一,吃惊、发呆；厌烦
開く，明く,あく,自五,开
空く,あく,自五,有空隙；闲着；缺编
あぐねる,あぐねる,自下一,厌、烦、腻（多接在动词连用形之后）
あくまで,あくまで,副,到底、彻底、始终
明くる,あくる,連体,下、此、翌
明け方,あけがた,名,黎明
揚げ句,あげく,名,日本的连歌或俳句的最后一句；最终
開ける,あける,他下一,打开（门、包装等）
明ける,あける,他下一,天明；过年；期满、结束
空ける,あける,他下一,空出；腾出；不在家
挙げる,あげる,他下一,举；举出；举行；发动；扬（名）
上げる,あげる,他下一,举起、拎起；进房间；升学；进步、提高；增加数量、加深程度；得益；完成；显效；送给；出声
揚げる,あげる,他下一,举起；油炸；起（货）
憧れる,あこがれる,自下一,向往、憧憬；被异性所吸引
浅い,あさい,形,浅；（时间等）短；肤浅、少的；颜色淡
嘲る,あざける,他五,愚弄、嘲笑
浅ましい,あさましい,形,悲惨；卑鄙的
欺く,あざむく,他五,欺骗；赛过、胜似
鮮やか,あざやか,形動,鲜明；出色
足掛かり,あしがかり,名,脚手架、登高时的踏脚处；线索、头绪
味気ない,あじきない,形,乏味的、无聊的
足手まとい,あしてまとい,名，形動,累赘
足取り,あしどり,名,脚步、步伐；踪迹；行情、动态
足並み,あしなみ,名,步伐；步调
足踏み,あしぶみ,名，サ変,原地踏步；停滞
あしらう,あしらう,他五,招待、应付；冷淡对待；点缀、配
味わう,あじわう,他五,品尝；玩味、欣赏；体验
預かる,あずかる,他五,收存、保管；照顾；承担、担任
与る,あずかる,自五,参与；蒙受（夸奖、好处）
預ける,あずける,他下一,寄存；托付、委托
汗ばむ,あせばむ,自五,出汗
焦る,あせる,自五,着急、焦躁
褪せる,あせる,自下一,褪色；衰退
あそこ,あそこ,代,那里；那种地步；那种程度；那一点
遊ばす,あそばす,他五,让……玩；闲置
遊ぶ,あそぶ,自五,玩耍；旅行、游学；没工作；不起作用
与える,あたえる,他下一,授予；给予；使蒙受
あたかも,あたかも,副,宛如；正值
暖かい，温かい,あたたかい,形,温暖；和睦；富足
暖まる，温まる,あたたまる,自五,变热；感到温暖
暖める，温める,あたためる,他下一,加热；孵蛋；珍藏、重温；悄悄地据为己有
新しい,あたらしい,形,新的；新式的；新鲜的、有活力的；现代的、进步的
辺り,あたり,名,周围；大约；之类的
当たり前,あたりまえ,形動,当然；普通
当たる,あたる,自五,晒（太阳）；吹（风）等；顺利、成功；击中、命中、猜队；粗暴对待；承担、担任；对抗；被指名；查探；查、对照；相当于；（与否定连用表示）没必要
あちこち,あちこち,代,到处；顺序乱
あちら,あちら,代，名,那边；那个；那位
熱い,あつい,形,温度高；体温高、热烈的
暑い,あつい,形,气温高
厚い,あつい,形,有厚度；人情深厚；程度很深
篤い,あつい,形,病重；志笃、（感情）深厚
扱う,あつかう,他五,操作；对待、待遇；处理；出售；报道
厚かましい,あつかましい,形,无耻、脸皮厚
呆気ない,あっけない,形,（内容等）过于简单、未尽兴
あっさり,あっさり,副,清淡；轻易
あっという間に,あっというまに,連語,转眼功夫、一瞬间
集まる,あつまる,自五,集合、聚集；收集；集中
集める,あつめる,他下一,使集合；收集、征集；集中、吸引
誂える,あつらえる,他下一,定做、点菜
当て,あて,名,目的、目标；指望；信用、信赖
当てつける,あてつける,他下一,指桑骂槐；炫耀关系好
宛て名,あてな,名,收信（件）人姓名和地址
当てはまる,あてはまる,自五,适用、合适
当てはめる,あてはめる,他下一,适用；套用
当てる,あてる,他下一,碰撞；命中；晒；紧靠；中（奖）；猜对、预测正确；指名、充てる
跡継ぎ，後継ぎ,あとつぎ,名,后代；后任、接班人
後払い,あとばらい,名，サ変,后付款、赊账
強ち,あながち,副,未必
侮る,あなどる,他五,侮辱、轻视
あの,あの,連体,那个（远称）；那
暴く,あばく,他五,揭发；发掘
暴れる,あばれる,自下一,胡闹；闯荡
浴びせる,あびせる,他下一,浇、泼（水等）；使蒙受、遭受；不断地质问、非难
浴びる,あびる,他上一,洗、淋浴、泼；沐浴；受到非难、质问、赞扬等
危ない,あぶない,形,危险的；垂危；不稳定、不确定；靠不住；危急、千钧一发
焙る，炙る,あぶる,他五,取暖、烘干；烤
溢れる,あふえる,自下一,溢、慢；形容人很多；充满、洋溢
あべこべ,あべこべ,形動,相反、颠倒
甘い,あまい,形,甜；淡、咸味不足；指声音甜；不严格、宽松；考虑简单、浅薄、天真；男女关系好；松弛；钝
甘える,あまえる,自下一,撒娇；承蒙
余す,あます,他五,剩下；剩
遍く,あまねく,副,到处、普遍
余り,あまり,名，副，接尾,剩余；过分；太、很；不怎么；余、多
余りに,あまりに,副,非常、太、很
余る,あまる,自五,剩、余；胜过
編む,あむ,他五,编织；编纂
怪しい,あやしい,形,奇怪的；可疑的、难以置信的；靠不住的、不确定的；要变坏的
怪しむ,あやしむ,他五,怀疑、觉得奇怪
操る,あやつる,他五,耍（木偶）；熟练的掌握、运用；驾驭、操纵
あやふや,あやふや,形動,含糊；靠不住
過ち,あやまち,名,失败、错；过失
誤る,あやまる,他五,错、弄错；耽误、贻误
謝る,あやまる,他五,认错
歩み寄る,あゆみよる,自五,接近、靠近；妥协、让步
歩む,あゆむ,自五,步行；前进、进展
荒い,あらい,形,粗暴；剧烈；胡来
粗い,あらい,形,粗、大；粗糙 1
洗う,あらう,他五,洗；洗刷、冲洗；调查、查清
荒らす,あらす,他五,使乱七八糟、使荒芜；骚扰、偷盗
争う,あらそう,他五,竞争；争吵、争论；主张、申辩
改まる,あらたまる,自五,更新；变好；郑重、客气
改めて,あらためて,副,稍后；再次
改める,あらためる,他下一,更新、改；改正；语言、态度等郑重；调查、计算
あらゆる,あらゆる,連体,所有、一切 1
現す,あらわす,他五,使其出现；发挥
著す,あらわす,他五,撰写、著
表わす,あらわす,他五,表露；表现；意味着
現れる,あらわれる,自下一,显露；出现；来
表れる,あらわれる,自下一,露出、呈现
ありありと,ありありと,副,清清楚楚地、活生生地 1
有り合わせ,ありあわせ,名,现有、现成
在り方,ありかた,名,存在的状态；应有的状态、理想的状态
有り難い,ありがたい,形,宝贵的；难得、感激
ありがとう,ありがとう,感,谢谢
在る,ある,自五,存在、活着；位于
有る,ある,自五,具备、有；举行；发生；有果、经历；有（数量）；用“……してある”的形式表示行为的完成；用“……である”的形式表示断定
或る,ある,連体,某
或いは,あるいは,接,或者；用于列举同类事项；也许
歩く,あるく,自五,步行；外出
あれ,あれ,代，感,那个；那件事；那时；那个人；那儿；哎呀
荒れる,あれる,自下一,海浪汹涌；荒废、荒芜；皮肤变粗糙、皴裂；行为、秩序等杂乱无章 1
淡い,あわい,形,颜色浅、味道淡；微少的
合わせる，併せる,あわせる,他下一,合并；相加、合计；调整机械、乐器；适应；切合；核对；使一致、配合；混合
慌ただしい,あわただしい,形,不稳定的；慌忙、匆忙
慌てる,あわてる,自下一,着慌、慌忙
哀れ,あわれ,名,可怜、怜悯；情趣、情感
案じる,あんじる,他上一,想办法；担心
良い，好い,いい,形,好；适合；行、可以；最好、希望；容易
言い返す,いいかえす,他五,顶嘴、还口
言い換える,いいかえる,他下一,换个说法
いい加減,いいかげん,名，副，形動,适度地；无根据、不负责任；很、相当
言い損なう,いいそこなう,他五,说错、失言；（该说而）没说、忘说 1
言いつける,いいつける,他下一,命令；告状
言い直す,いいなおす,他五,改口、重说
言い残す,いいのこす,他五,留话；遗言
言い訳,いいわけ,名,辩解、解释
言う,いう,自，他五,说；有声响；询问；批评、评价；表达；叫、称做；议论、谣言；美言、讲情
生かす,いかす,他五,使活着；使用；使复活
如何に,いかに,副,怎样；多么、怎么
いかにも,いかにも,副,真的、的确；诚然、果然 1
厳しい,いかめしい,形,庄严、威严 1
怒る,いかる,自五,生气；挺起、耸起
生き生き,いきいき,副,生气勃勃、新鲜地
勢い,いきおい,名,力；活力、生气；劲头、情况；势力 1
生き甲斐,いきがい,名,生存的意义 1
生き返る,いきかえる,自五,复活；恢复精神、记忆
息切れ,いきぎれ,名，サ変,气喘；（工作等）中途停止 1
意気込み,いきごみ,名,干劲、热情 1
行き過ぎる,いきすぎる,自上一,通过；过分
行き違い,いきちがい,名,错过；分歧、不一致
行き詰まる,いきづまる,自五,走到尽头；事物进展不顺利 1
行き届く,いきとどく,自五,周到
いきなり,いきなり,副,突然、冷不防
息抜き,いきぬき,名，サ変,稍作休息、散心
生き残る,いきのこる,自五,幸存
生き物,いきもの,名,活物、生物
生きる,いきる,自上一,谋生、维持生计；有效、有影响；生动、栩栩如生
行く,いく,自五,去；寄到；过去、逝去；往来、上班、上学；事情进展；以某种方式作；满足
幾つ,いくつ,名,几个；几岁
幾ら,いくら,名,多少、多少钱；无论如何、即使也
いけない,いけない,形,不好的、不行的；没有希望的、没有指望的；禁止 1
生ける,いける,他下一,插花；栽花 
憩い,いこい,名,休息 1
潔い,いさぎよい,形,坦率、勇敢；干脆 1
聊か，些か,いささか,副,仅仅、很少 1
勇ましい,いさましい,形,勇敢的；大胆的；雄壮 1
諫める,いさめる,他下一,禁止、制止；劝告、谏告 1
苛める,いじめる,他下一,虐待；戏弄 1
いじらしい,いじらしい,形,可爱；令人怜爱 1
弄る,いじる,他五,抚弄、玩弄；玩味、摆弄；随意改动 1
"何れ,孰れ",いずれ,代，副,二者之中、多者之中、其中；归根结底、终归；不久、最近
忙しい,いそがしい,形,忙碌 
急ぐ,いそぐ,自他五,着急、赶紧；急、忙
痛い,いたい,形,疼痛；难受；（被触及弱点而）感到痛苦
痛々しい,いたいたしい,形,悲惨、可怜
抱く,いだく,他五,抱；怀有、抱有 1
致す,いたす,他五,“する”的谦恭说法；引起
頂く，戴く,いただく,他五,顶、戴、顶在上面；领受、蒙……赐给；“食う、飲む”的谦恭说法；请、给 1
痛む，傷む,いたむ,自五,身体疼痛；心痛、伤心；损坏
炒める,いためる,他下一,炒
痛める,いためる,他下一,弄疼；令人痛苦
傷める,いためる,他下一,损坏；使食品腐烂
至る,いたる,自五,到、至；到（某时）；涉及到；结果为
労わる,いたわる,他五,照顾；慰劳
一概に,いちがいに,副,一概、无例外地 1
著しい,いちじるしい,形,显著的、明显的 1
一気に,いっきに,副,一口气；一下子、疾速地
逸する,いっする,サ変,失去、错过；脱离；忘记、落下 1
いっそ,いっそ,副,索性、倒不如 1
いつの間にか,いつのまにか,副,不知不觉
いつも,いつも,副,经常地；平常
偽る,いつわる,他五,欺骗；说谎 1
営む,いとなむ,動,从事；经营；营造 1
挑む,いどむ,動,挑战；挑衅；挑逗 1
祈る,いのる,他五,（向神佛）祈祷；祝愿、希望
威張る,いばる,自五,趾高气扬、自吹自擂 1
訝しい,いぶかしい,形,可疑、奇怪 1
忌々しい,いまいましい,形,可恶、可恨　1
戒める,いましめる,他下一,训斥、警告；禁止 1
未だに,いまだに,副,还、仍然 1
嫌がる,いやがる,自五,讨厌、厌恶
卑しい,いやしい,形,寒碜；卑鄙；卑贱；嘴馋
癒す,いやす,他五,治疗；解渴、充饥
いよいよ,いよいよ,副,越发；终于；果真、确实
いらいら,いらいら,副，サ変,情绪急躁、心理不安1
いらっしゃる,おらっしゃる,自五,（敬语）来；（敬语）去；（敬语）在
入り口,いりぐち,名,入口
要る,いる,自五,需要、必要
居る,いる,自上一,（指人、动物等）有、在、居住在
射る,いる,他上一,射；击中；照射
入る,いる,自五,进入
炒る,いる,他五,炒、煎
入れる,いれる,他下一,装、放入；让入、让进；容纳；镶嵌；购进、输入；雇用、采用；添、加；承认、容忍；加入；入校、住院；包含；交钱；投票；想、记住；集中；倒（茶、咖啡等）；使起作用；听
彩る,いろどる,他五,着色；装饰 1
祝う,いわう,他五,庆祝；祝贺、贺礼
言わば,いわば,副,说起来、可以说 1
いんちき,いんちき,名，形動,骗人、捣鬼、假货 1
植え付ける,うえつける,他下一,种植物；灌输（思想、意识等）
飢える,うえる,自下一,饥饿；渴望
植える,うえる,他下一,种、植；嵌入；打疫苗
伺う,うかがう,他五,打听；听说；访问；发言、讲话 1
窺う,うかがう,他五,偷窥；察言观色；瞄准机会；察知 1
浮かぶ,うかぶ,自五,浮上水面、在空中飘；浮现、显露；想起
浮かべる,うかべる,他下一,浮、泛；露出、现出；想起
受かる,うかる,自五,考上、考中；及格
浮き上がる,うきあがる,自五,飘浮在空中、浮在水面上；现出轮廓；脱离；翻身、发迹
浮き彫り,うきぼり,名,浮雕；突出的表现 1
浮き世,うきよ,名,（不尽人意的）世上、社会上 1
浮く,うく,自五,浮、飘、现；结余、剩余；高兴
受け入れる,うけいれる,他下一,接受；采纳；接纳
承る,うけたまわる,他五,谨听；听说；谨受
受け付ける,うけつける,他下一,受理；接受、采纳；对（药品、食物等）吸收
受け取る,うけとる,他五,接、收、领；理解
受け身,うけみ,名,被动、守势；消极；（语法）被动态
受ける,うける,自，他下一,获得；接住、挡住；接受邀请、要求；接受；上课、接受考试；遭到；响应、接受；继承；受欢迎
動かす,うごかす,他五,使活动、开动、移动；变更；使感动、施加影响；使形动；影响；经营
動く,うごく,自五,动、晃动；转动、开动；摇晃；活动；（受到影响而）行动；变更、变动
失う,うしなう,他五,失去、丧失；错过；丧、亡
後ろ,うしろ,名,后面；后背
後ろ向き,うしろ向き,名,背身、背对着；消极
埋もれる,うずもれる,自下一,被埋上；埋没 1
渦巻き,うずまき,名,漩涡 1
薄い,うすい,形,薄的；色、味淡；（浓度、密度）低；程度低、缺乏
薄める,うすめる,他下一,弄淡、弄稀
歌う,うたう,他五,唱、唱歌；作诗（歌）；鸟儿鸣唱
疑う,うたがう,他五,猜疑；担心、怀疑；嫌疑 1
疑わしい,うたがわしい,形,可疑、奇怪  1
打ち上げる,うちあげる,他下一,发射；被浪涛冲上岸；工作结束
打ち合わせる,うちあわせる,他下一,使碰撞、互击；商量
打つ,うつ,自他五,打、敲响；敲打；击（球）；击（键盘）；注射；撒；（围棋等）下子；令人感动、打动
うっかり,うっかり,副，サ変,迷糊、心不在焉；疏忽 1
美しい,うつくしい,形,美好的、优美的；高尚的
移す,うつす,他五,移动；调动工作、转校；转移（注意力）；移交；改变状态；传染 1
写す，映す,うつす,他五,誊写、抄写；拍照；描写
訴える,うったえる,他下一,控告、诉讼；主张；诉诸于……；感动、打动 1
鬱陶しい,うっとうしい,形,烦闷；讨厌、不痛快
うっとり,うっとり,副，サ変,出神、入迷 1
うつ伏せる,うつぶせる,自他一,倒置；俯伏、趴着 1
俯く,うつむく,自五,俯首、垂头 1
移る,うつる,自五,迁移、搬动；（地位等）发生变化；变迁；（话题、兴趣发生）变化；传染；熏上、染上 1
写る，映る,うつる,自五,映、照；被拍摄；照相
うとうと,うとうと,副，サ変,迷迷糊糊、昏昏沉沉 1
促す,うながす,他五,催促、敦促；促进、劝说 1
頷く,うなずく,自五,首肯、点头 1
項垂れる,うなだれる,自下一,低头、垂头 1
唸る,うなる,自五,（猛兽、犬类）吼、啸、叫等；呻吟、哼哼；发出呜呜声；吟、哼、唱；赞叹、叫好；有很多 1
自惚れる,うぬぼれる,自下一,自负、陶醉 1
うねる,うねる,自五,蜿蜒起伏 1
奪う,うばう,他五,抢夺；强烈吸引、迷人
旨い,うまい,形,美味的；高明、擅长；方便、顺利 1
埋まる,うまる,自五,埋着；满满；填补、弥补
生まれる,うまれる,自下一,出生、诞生；产生、出现
生み出す,うみだす,他五,生、产；产生出、创造出
生む，産む,うむ,他五,生、产；产生、产出
埋める,うめる,他下一,埋入；填满；满满的；填补；（往热水里）兑凉水
恭しい,うやうやしい,形,彬彬有礼、恭敬的 1
敬う,うやまう,他五,尊敬、尊重 1
裏切る,うらぎる,他五,不守信条、背叛；辜负、与期待相反 1
占う,うらなう,他五,占卜 1
恨む,うらむ,他五,怨恨、抱怨 1
羨ましい,うらやましい,形,羡慕  1
麗らか,うららか,形動,和煦、晴朗；快乐
売り切れる,うりきれる,自下一,卖光
売り込む,うりこむ,他五,推销；（自我）推销、争取信任
売り出す,うりだす,他五,开始出售；崭露头角
売る,うる,他五,卖、出售；沽名、扬名；出卖、背叛；找碴、挑起
潤う,うるおう,自五,湿润；受益、受惠 1
煩い，五月蝿い,うるさい,形,吵闹；讨厌、烦人；纠缠不休；议论纷纷
潤む,うるむ,自五,湿润 1
麗しい,うるわしい,形,美丽、动人；晴朗；健康 1
憂い,うれい,名,担心、忧虑 1
嬉しい,うれしい,形,高兴、快活
売れ行き  うれゆき,名,（商品的）销售情况、销路,
うろうろ,うろうろ,副，サ変,徘徊、彷徨；心神不安、不知所措 1
上滑り,うわすべり,名，形動，サ変,表面光滑；肤浅、皮毛 1
うんざり,うんざり,副，サ変,厌烦、腻 1
描く,えがく,他五,画、描绘；造型；表现；想象
抉る,えぐる,他五,挖、剜；刺痛；追究、深挖 1
えこ,えこ,名,偏袒、不公平 1
笑み,えみ,名,笑脸；（果实成熟后的）裂口
偉い,えらい,形,杰出、卓越；地位（身份）高；（出乎意料地）严重、厉害
選ぶ,えらぶ,他五,挑选；看重；选拔；选举
選り好み,えりごのみ,名,挑剔 1
得る,える,他下一,（通过努力、手段等）得到；能、可能
演じる,えんじる,他上一,上演、演出；做出（坏事等）、扮演
老い,おい,名,老年、衰老 
追いかける,おいかける,他下一,追赶；迫于；紧接
追い越す,おいこす,他五,赶超；超过 1
追い込む,おいこむ,他五,赶进；比如困境
美味しい,おいしい,形,味美、好吃；有魅力
追い出す,おいだす,他五,赶出某地；逐出某组织、集团等
生い立ち,おいたち,名,成长；经历
追い立てる,おいたてる,他下一,驱赶；驱逐；追赶
追い詰める,おいつめる,他下一,追猎物；穷追
追い払う,おいはらう,他五,驱赶；轰走
追う,おう,他五,追赶犯人、猎物等；驱赶；轰走；驱逐、清除；追求；按照顺序、随着时间
負う,おう,他五,背负；接受、担负责任；多亏、借助于；受伤
応じる,おうじる,自上一,回答；应允、满足；适应、按照
終える,おえる,他下一,完成、结束1
多い,おおい,形,数量多；次数多、程度深
覆う,おおう,他五,蒙上、盖上；充满；包藏、掩饰；笼罩
大きい,おおきい,形,大的、个子高的；数目大；音量大；年长的；成长、长大；（规模等）大；夸大、夸张；显得了不起、傲慢；胸怀开阔；重大
大きな,おおきな,連体,大的、个子高的；数目大；音量大；年长的；成长、长大；（规模等）大；夸大、夸张；显得了不起、傲慢；胸怀开阔；重大
大げさ,おおげさ,形動,夸大、小题大做、铺张
大ざっぱ,おおざっぱ,形動,粗略、大致；粗糙、草率
大まか,おおまか,形動,大大咧咧、粗略；大致
概ね,おおむね,副,基本上、大约 1
可笑しい,おかしい,形,可笑的、滑稽的；不正常的；可疑的 1
侵す,おかす,他五,侵犯（国土、领域等） 1
犯す,おかす,他五,犯法、违反道德；强奸、施暴 1
冒す,おかす,他五,冒着危险、不顾困难；加害、带来伤害；亵渎 1
拝む,おがむ,他五,礼拜、祈愿；恳求、央求；瞻仰、见识
補う,おぎなう,他五,弥补 1
起きる,おきる,自上一,起床；不睡；离开病床；起身、站起来；发生、产生
置く,おく,自他五,摆、置；放置；放下、留下、丢下；购入以备出售；设置；任命、雇用；留在家住；积存、委托；搁笔；保存；隔、间隔；处于某种状态；预先做好某种准备动作；继续保持某种状态
奥の手,おくのて,名,绝招、花招；秘诀
奥行き,おくゆき,名,进深、纵深；（学文）等的深度
送る,おくる,他五,邮寄；派遣；送人、送行；吊唁、送别（死者）；渡过；依此传递、移动；送；标上送假名
贈る,おくる,他五,赠送；授予（称号等）；报以、致以 1
遅れる,おくれる,自下一,迟到、赶不上；比预定晚；钟、表慢了
起こす，興す,おこす,他五,扶起；叫醒；翻起、弄起；开始；发动；生病；（思想、感情等）引起、惹起；发热、发电
厳か,おごそか,形動,庄严、肃穆 1
怠る,おこたる,自他五,懒惰、松懈、大意 1
行う,おこなう,他五,做、办；实施、举行
起る,おこる,自五,发生、产生；起因；兴起、起源；发热、发电；电源
興る,おこる,自五,繁荣、兴起 1
怒る,おこる,自五,生气；训斥、呵斥 
奢る,おごる,自五,奢侈、铺张；请客、做东 1
押さえる,おさえる,他下一,压、按、捂；堵；抓住 
抑える,おさえる,他下一,抑制；压倒、凌驾；抑制感情；降低程度
幼い,おさない,形,幼小的；幼稚的
治まる,おさまる,自五,变得安定；止痛；心情平静 1
収まる,おさまる,自五,收纳、整齐地收好；解决、平息 1
納まる,おさまる,自五,缴纳；稳坐……的交椅；心满意足 1
修まる,おさまる,自五,端正 1
治める,おさめる,他下一,平定；统治、治理
収める,おさめる,他下一,收录；获得 1
納める,おさめる,他下一,接受；缴纳；结束 1
修める,おさめる,他下一,掌握学问；修、修养 1
惜しい,おしい,形,珍惜、可贵；可惜、委屈；遗憾 1
お爺さん,おじいさん,名,爷爷、祖父、外祖父 1
教える,おしえる,他下一,教、传授；告诉、指点
お辞儀,おじぎ,名，サ変,敬礼、行礼、鞠躬 
押し切る,おしきる,他五,（不顾反对）坚持到底
押しつける,おしつける,他下一,压上、按上；强加于人
惜しむ,おしむ,他五,珍惜；认为可惜、吝啬；惋惜
おしゃべり,おしゃべり,形動，名，サ変,闲聊、聊天；多嘴多舌、健谈（的人）；议论、传言、风言风语 1
お洒落,おしゃれ,名，形動,好打扮、爱俏（的人）
押す，推す，捺す,おす,他五,推、挤；压、碰；盖章；强行；压倒；顶住、不顾
お世辞,おせじ,名,恭维（话）、奉承（话）
遅い,おそい,形,速度慢、迟缓；夜深；时间湾、迟
襲う,おそう,他五,袭击、侵袭；继承 1
恐れ入る,おそれいる,自五,不好意思；折服、佩服
恐れる,おそれる,自下一,害怕、畏惧；担心；敬畏
恐ろしい,おそろしい,形,可怕的；惊人的、非常的
教わる,おそわる,他五,受教 1
煽てる,おだてる,他下一,挑唆、煽动；讨好、取悦 1
穏やか,おだやか,形動,平静、平稳；温和、安详
陥る,おちいる,自五,落入、掉进；陷入（不良）状态；中计 1
落ち込む,おちこむ,自五,掉进、落入；塌陷、下陷；消沉、处于不好的状态
落ち着く,おちつく,自五,镇静、平心静气；稳定、安定；做得稳；有头绪；有头绪、有结果；（颜色、衣服等）淡雅
落ち度,おちど,名,过失
落ち目,おちめ,名,败运
お茶,おちゃ,名,茶
落ちる,おちる,自上一,落下；崩溃、陷没；下、降；西沉、下山；脱落、褪色；漏掉；钱被用掉；落榜、落选；程度低；处于某种状态；失陷、为人所有；兑现票据；堕落；归根结底；招供
おっきゃる,おっきゃる,他五,说、称呼（敬语） 1
おどおど,おどおど,副，サ変,心虚、胆怯 1
脅かす,おどかす,他五,威胁、吓唬 1
陥れる,おとしいれる,他下一,使……陷入；陷害 1
落とす,おとす,他五,投下、扔下；弄掉、除掉；丢失、遗漏；减弱、降低；使陷入不好的状态；花钱；使落第；败；处理
脅す,おどす,他五,威胁 1
訪れる,おとずれる,自下一,拜访；到来
大人しい,おとなしい,形,老实、温顺；（颜色等）素气
劣る,おとる,自五,劣、次 1
踊る,おどる,自五,跳舞；被操纵
躍る,おどる,自五,跳跃；激动 1
衰える,おとろえる,自下一,衰退
驚く,おどろく,自五,惊讶、惊叹；吃惊、惊慌
同じ,おなじ,連体，形動,（性质、种类等）相同；一样的；相等；（以“同じ……なら”的形式）反正
自ずから,おのずから,副,自然而热地
お婆さん,おばあさん,名,奶奶、姥姥、老奶奶
お化け,おばけ,名,妖怪、来历不明的人
夥しい,おびただしい,形,很多的、非常多的；特别
帯びる,おびる,他上一,佩带、带；委任；包含、带有
覚える,おぼえる,他下一,记忆；学习、掌握；感觉、感到
覚束ない,おぼつかない,形,靠不住的、没有希望的；没有把握的、含糊不清
溺れる,おぼれる,自下一,溺水；沉溺于、专心于
重い,おもい,形,重的；沉重的；重要的；（情况、程度等）重大的
思い切り,おもいきり,名，副,尽情；果断
思い付き,おもいつき,名,想法；偶然的想法
思い詰める,おもいつめる,自下一,钻牛角尖、左思右想；过度地思虑
思い出,おもいで,名,追忆、怀念
思いやる,おもいやる,他五,同情；令人担心
思う,おもう,他五,考虑；怀疑；推测；想象；感觉；期望；牵挂；爱慕；想出
面白い,おもしろい,形,有趣的；可笑的；用否定形式表示情况不妙
赴く,おもむく,自五,奔赴、前往；趋向、倾向
重んじる,おもんじる,他上一,重视、注重；敬重
泳ぐ,およぐ,自五,游泳；踉跄、栽倒；穿过；处世
凡そ,およそ,名，副,大体上；大约；总的说来；完全、全然
及び,および,接,以及
及ぶ,およぶ,自五,达到；发展成、临到；匹敌、比得上；（用否定的形式表示）不需要、不必
及ぼす,およぼす,他五,影响到、使遭到
折り返す,おりかえす,他五,折起、翻卷；返回、折回
織り込む,おりこむ,他五,织入；穿插、编进去
降りる,おりる,自上一,（从交通工具中）下来；退位；半道退出；降霜等
下りる,おりる,自上一,降下；批准、发下来；落锁
折る,おる,他五,折；折断；弯曲
折れる,おれる,自下一,折叠；折断；拐弯；让步
おろか,おろか,名，形動,不用说、岂止
愚か,おろか,形動,愚蠢、笨
降ろす,おろす,他五,让人下来；卸下；降旗；退位
下ろす,おろす,他五,放下、取下；风从高处刮下；落（发）；上锁；切鱼肉；擦丝；使用新产品；取出；打胎
卸す,おろす,他五,批发
疎か,おろそか,形動,粗心大意、马虎
終わる,おわる,自他五,完
買い物,かいもの,名,买东西、买的东西；买得合算的东西
買う,かう,他五,买；招、招致、惹起；主动承担；高度评价、赏识
飼う,かう,他五,饲养
返す,かえす,他五,归还；汇报，回敬，报酬；回礼
かえって,かえって,副,反而、反倒
顧みる，省みる,かえりみる,他上一,回头看；回顾；反省；牵挂
返る,かえる,自五,复原；复归
帰る,かえる,自五,回来（去）；归去；（否定形式）死
代える,かえる,他下一,代替
換える,かえる,他下一,交换
替える,かえる,他下一,替换
変える,かえる,他下一,改变；移到别的地方
顔なじみ,かおなじみ,名,面熟、熟人
香る，薫る,かおる,自五,飘香
抱える,かかえる,他下一,用手抱；有麻烦事；雇
掲げる,かかげる,他下一,高举；登载；提出方针等
屈む,かがむ,自五,弯腰；蹲下
輝く,かがやく,自五,闪烁；灿烂
掛かる,かかる,自五,悬、垂、吊；放在火上；降临、落到（身上）；锁着；放在上面；挂住、陷入；设置；靠着；发动；攻击；到达某处；接受；委任、给人以；挂（来电话）；被会议等讨论、受理；留在心里；接受照料、看视等；花费的时间；拥有保险之类的契约；上缴税金等；着手；一开始就认定
拘わらず,かかわらず,連,尽管；不问、不管
関る,かかわる,自五,有关；拘泥
掻き立てる,かきたてる,他下一,用力搅拌；挑起、煽动
掻き回す,かきまわす,他五,混合、搅拌；翻弄；扰乱
限る,かぎる,他五,限制、限于；最好；（否定的形式）不一定、未必
欠く,かく,他五,打坏；缺乏
書く,かく,他五,写、画；写文章
掻く,かく,他五,抓、挠；搅拌；削去；推开、分开
嗅ぐ,かぐ,他五,闻、嗅
隠す,かくす,他五,掩盖；隐藏、隐瞒
隠れる,かくれる,自下一,隐藏；躲藏；隐遁；作为借口
欠ける,かける,自下一,缺损；月蚀、日食；欠缺
掛ける,かける,他下一,垂下、悬、挂；放置火上；覆盖；洒；锁上、扣上；轻轻握住、搭着等；钩、钓；捆（箱子等）；设置；靠着；开动、使运转；坐；佩戴；设计使陷入圈套；影响到；打招呼；作用到；讨论；送入；花费；加入保险；征收；乘法
賭ける,かける,他下一,赌
駆ける,かける,自下一,跑、快跑；骑马跑
託ける,かこつける,自他下一,借口、托词
囲む,かこむ,他五,围绕、环绕；包围
重なる,かさなる,自五,重叠；累积
重ねる,かさねる,他下一,摞起、使重叠；反复；累积
風向き,かざむき,名,风向；形势；心情
飾る,かざる,他五,装饰；陈列；登载；修饰文章
傾げる,かしげる,他下一,歪斜、倾斜
賢い,かしこい,形,聪明、伶俐；周到
畏まる,かしこまる,自五,恭敬；正坐；（谦）知道了、遵命
貸す,かす,他五,借款、贷款；出租；帮助、出力
微か,かすか,形動,隐隐约约、微弱
霞む,かすむ,自五,笼罩着云霭、薄雾；模糊；不显眼
掠める,かすめる,他下一,掠夺、掠取；掠过、擦过；骗过、瞒过
稼ぐ,かせぐ,自他五,做工赚钱；努力争取
数える,かぞえる,他下一,数数；列举
固い,かたい,形,坚硬的；紧的；坚定的；严重的；确实的；顽固的
硬い,かたい,形,坚硬的；僵、硬；生涩的、生硬的；表情僵硬
堅い,かたい,形,坚实的；可以信赖的；严肃的
かたがた,かたがた,接続,顺便、同时做别的
片付ける,かたづける,他下一,收拾；解决；嫁出去；除去妨碍者
固まる,かたまる,自五,凝固；集中到一处；确实、可靠
傾く,かたむく,自五,倾斜；日、月西沉；衰落；带有某种倾向
固める,かためる,他下一,使坚固；坚守；坚定；安定、稳定；归拢到一起
偏る，片寄る,かたよる,自五,偏重、失去平衡；偏向；偏颇
語る,かたる,他五,谈、叙述
傍ら,かたわら,名,旁边；同时
勝つ,かつ,自五,得胜；胜过、超过
且つ,かつ,接続,而且、并且；同时
がっかり,がっかり,副，サ変,失望的样子；非常疲劳的样子
担ぐ,かつぐ,他五,担负；推举；骗人、捉弄人；迷信
かつて,かつて,副,曾经、以前
叶う,かなう,自五,（愿望）实现
適う,かなう,自五,合乎；比得上
悲しい,かなしい,形,悲伤的、可悲的
悲しむ,かなしむ,他五,悲伤、悲痛
必ず,かならず,副,一定
必ずしも,かならずしも,副,（下接否定）未必、不一定
かなり,かなり,副，形動,很、颇、相当
兼ねる,かねる,他下一,兼有；不能、难以
庇う,かばう,他五,庇护
被せる,かぶせる,他下一,盖上、罩上；洒、浇；推诿
被る,かぶる,他五,盖、戴、蒙；浇；蒙受
構う,かまう,自他五,介意；干涉；招待；照顾；戏弄
構える,かまえる,他下一,整修、修筑一新；摆出姿势；采取某种态度；托辞、装作
がましい,がましい,接尾,接近于、类似
噛み付く,かみつく,他五,咬住；极力争辩
噛む,かむ,他五,咬、嚼；齿轮咬合；简易的说；（水）猛烈冲击；有关系的
痒い,かゆい,形,痒
通う,かよう,自五,上班、走读；交通工具往来；通往；心意相通；相似、相通
辛い,からい,形,辣的；咸的；严格的；严酷的
からかう,からかう,他五,嘲笑、戏弄
絡まる,からまる,自五,缠绕；有密切关联
絡む,からむ,自五,缠绕；密切联系；纠缠
仮に,かりに,副,临时；假定
借りる,かりる,他上一,借钱、东西等；借助
刈る,かる,他五,割、剪（发）
駆る,かる,他五,驾驶、赶；驱使
軽い,かるい,形,轻的；轻快的；轻微的；轻松的；清淡、少量；容易的；轻率的
枯れる,かれる,自下一,枯萎；技艺等造诣精深、成熟
辛うじて,かろうじて,副,好不容易、勉强
可愛い,かわいい,形,可爱的；讨人喜欢的；小巧的
渇く,かわく,自五,渴
乾く,かわく,自五,干、干燥
交わす,かわす,他五,交换；互相
代わる,かわる,自五,代替、取代
変わる,かわる,自五,变化；变更、转移；区别；特殊
考える,かんがえる,他下一,思考；深思熟虑；考虑；反省；精神准备、早做准备；决心；预见；想象；设法
感じ,かんじ,名,感觉、知觉；心情、情感；印象；意境
感じる,かんじる,自他上一,感觉；感动；感触
関する,かんする,サ変,关于
勘違い,かんちがい,名，サ変,误解
芳しい,かんばしい,形,芳香；评价好
頑張る,がんばる,自五,努力、全力以赴；主张、固守不动
消える,きえる,自下一,火熄灭、火消失等；消失；雪融化；感情、记忆等消失
着替え,きがえ,名，サ変,换衣服、换的衣服
利かせる,きかせる,他下一,生效、有效；使发挥作用
聞かせる,きかせる,他下一,使听；讲话、唱歌等中听
気兼ね,きがね,名，サ変,多心、拘束、顾虑
聞き苦しい,ききぐるしい,形,（因有杂音等）听不清楚；难听的、不好听的
聞きつける,ききつける,他下一,听到；听惯
効き目,ききめ,名,效用、效力
聞き分ける,ききわける,他下一,听辨出来；听话、懂事
利く,きく,自五,有效；可能
効く,きく,自五,有效
聞く，聴く,きく,他五,听；听说；听从；遂愿；问、询问；闻、品
聞こえる,きこえる,自下一,听得见；听起来似乎是……；有名；理解、同意
刻む,きざむ,他五,切碎肉、蔬菜等；雕刻；钟表计时；铭记
兆し,きざし,名,兆头、预兆
築く,きずく,他五,修筑、构筑；确立、确定
期する,きする,サ変,决定期限；期待；确信
帰する,きする,サ変,归结、归根到底；归罪于、归咎
着せる,きせる,他下一,给……穿上；镀上；嫁祸，归罪
競う,きそう,自他五,竞争、竞赛
鍛える,きたえる,他下一,锻、冶炼；锻炼
来す,きたす,他五,招致、引起
気立て,きだて,名,气质、性情
汚い,きたない,形,脏的、不干净的；卑劣；卑鄙的；吝啬的
来る,きたる,連体,下一个
きちんと,きちんと,副,干警、整洁地；正确地；如期地；恰当地、妥切地
きつい,きつい,形,严厉、苛刻的；强烈的；严厉；紧的、瘦小
切っ掛け,きっかけ,名,起首、时机、契机
気づく,きづく,自五,注意到、意识到
ぎっしり,ぎっしり,副,挤得满满地
きっと,きっと,副,一定、毫无疑问地；严厉地、严肃地
気の毒,きのどく,名，形動,可怜的；对不起、抱歉
厳しい,きびしい,形,严格的；严酷的；厉害的；严峻的
気まぐれ,きまぐれ,名，形動,一时兴起；变化无常、善变
決まる,きまる,自五,决定；当然、必定
決める,きめる,他下一,决定；决心；定居；做好；以……为习惯
気持ち,きもち,名,感情；情绪；心境；感觉；一点点
清い,きよい,形,不混浊；纯粹的
御する,ぎょする,サ変,驾驭；支配
清らか,きよらか,形動,清洁、干净；纯洁
嫌い,きらい,形動，名，サ変,不喜欢；有点；（用否定式表示）不管
嫌う,きらう,自五,憎恶；敬而远之、回避；（用否定式表示）不管
きらきら,きらきら,副,闪烁、耀眼
切り下げる,きりさげる,他下一,降低；降价
切り捨てる,きりすてる,他下一,切除；省略；削减
切り開く,きりひらく,他五,切开；开拓；修新路；开辟进路
切る,きる,他五,切、剪；被刀划受伤；接触关系；使中断；限于；减少、降低；去掉水份等；改变方向；开始；勇猛向前；穿过；按快门
着る,きる,他上一,穿；背负
切れる,きれる,自下一,被切断；锋利；断绝关系；中断；终结、完了；结束；低于；反应敏捷
際立つ,きわだつ,自五,显眼、显著
極まる，窮まる,きわまる,自五,极限、之至；困窘、难办
禁じる,きんじる,他上一,禁止
食い込む,くいこむ,自五,勒进去；陷入；侵占
食い違う,くいちがう,自五,相互不同；不一致
食い付く,くいつく,自五,鱼上钩；紧紧咬住不放；起劲、热心
悔いる,くいる,他下一,后悔、懊悔
食う,くう,他五,生活；虫咬；紧逼对方；侵入对方的势力范围；打倒强手；费时、费钱；上年纪；遭到
区切る,くぎる,他五,打标点符号、分段；在事物之间划出界线
括る,くくる,他五,捆在一起；扎、绑
潜る,くぐる,自五,从下面穿过；趁不注意逃走
臭い,くさい,形,臭；可疑；造作、故意；有气味；派头、样子
腐る,くさる,自五,腐败；金属受腐蚀；堕落；情绪低落
挫く,くじく,他五,扭伤；挫败
挫ける,くじける,自下一,扭伤；气馁、沮丧
籤引き,くじびき,名，サ変,抽签
くしゃくしゃ,くしゃくしゃ,副，形動，サ変,乱蓬蓬；皱巴巴；心烦意乱
くしゃみ,くしゃみ,名，サ変,打喷嚏
崩す,くずす,他五,敲坏；使凌乱、散乱；换成零钱；把字写的潦草
崩れる,くずれる,自下一,崩溃、倒塌；紊乱；走形、凌乱；天气变坏；换成零钱；行情急剧下落
砕く,くだく,他五,弄碎；烦心；尽力；使之通俗
砕ける,くだける,自下一,破碎；气势减弱；和蔼、平易
下さい,ください,連,请给我……；请帮我……
下さる,くださる,他五,“くれる”的尊敬语
下す,くだす,他五,赐予、给予；作出判断、下达命令；实行、实施；拉肚子；打败
草臥れる,くたびれる,自下一,疲劳；穿旧、用旧
下らない,くだらない,連,没有价值、不值一提
下る,くだる,自五,往低处移动；低于；从中心地朝四周去；下（命令、判决等）；时代变迁；拉肚子；投降
口出し,くちだし,名,插嘴；表述自己的意见
覆す,くつがえす,他五,打翻；推翻
くっきり,くっきり,副，サ変,清楚、分明；与众不同
屈する,くっする,サ変,屈服
ぐったり,ぐったり,副，サ変,筋疲力尽
寛ぐ,くつろぐ,自五,舒适；不拘束、随便
くどい,くどい,形,话多、冗长；颜色深、味道浓
配る,くばる,他五,分配；配置；用心、注意
窪む,くぼむ,自五,掉落、塌陷
組み合わせ,くみあわせ,名,一套；比赛的编组
組み立てる,くみたてる,他下一,组装
汲み取る,くみとる,他五,舀；体察、体谅
汲む,くむ,他五,舀起液体；摄取；体谅
酌む,くむ,他五,倒入、饮
組む,くむ,自他五,组装；交叉；成为朋友、合伙；对战
曇る,くもる,自五,天空多云；模糊；发愁
悔しい,くやしい,形,后悔；窝囊
悔やむ,くやむ,他五,后悔；悼念
くよくよ,くよくよ,副，サ変,气量小、想不开、烦恼
暗い,くらい,形,昏暗；颜色不明朗；心情沉重；不熟悉、生疏；不光彩的
暮らす,くらす,自五,生活；维持生活；度过时光
比べる，較べる,くらべる,自他下一,比较；比高低
晦ます，暗ます,くらます,他五,隐藏；欺骗
繰り上げる,くりあげる,他下一,提前
繰り返す,くりかえす,他五,反反复复
繰り下げる,くりさげる,他下一,延期
来る,くる,力変,来；来访；季节、时间到来；送到；引来；来源于；起因；变成某种状态
狂う,くるう,自五,心态失常；不正常、出故障；落空
苦しい,くるしい,形,痛苦；辛苦；艰难；困惑；勉强
苦しむ,くるしむ,自五,痛苦；烦恼；难于；费尽周折
包む,くるむ,他五,裹、包
くれぐれ,くれぐれ,副,恳切地、衷心地
暮れる,くれる,自下一,天晚；季节过去；想不出、不知如何
呉れる,くれる,他下一,别人给自己；别人帮助自己做某事
黒い,くろい,形,黑的；脸色黑；被弄脏；阴暗；心地肮脏；有犯罪嫌疑；不吉祥的
加える,くわえる,他下一,加算；增加；吸收为伙伴；给予
詳しい,くわしい,形,详细的；精通
食わせる,くわせる,他下一,喂、给别人吃；抚养；欺骗、施计；给予
企てる,くわだてる,他下一,计划、试图、打算
加わる,くわわる,自五,增加；增多；加入
訓読み,くんよみ,名,训读
汚す,けがす,他五,弄脏、玷污
汚れる,けがれる,自下一,变脏；污染；肮脏
消す,けす,他五,灭火；关灯、关煤气等；删除；包盖、吸收；消失；杀死
削る,けずる,他五,刀削；削减
けたたましい,けたたましい,形,尖锐的、嘈杂的
けち,けち,名，形動,小气；粗制滥造的；不值一提的
決して,けっして,副,决不
決する,けっする,サ変,决定
蹴っ飛ばす,けっとばす,他五,踢出；拒绝
貶す,けなす,他五,诽谤、贬人
煙い,けむい,形,（烟）呛人
げらげら,げらげら,副,哈哈大笑状
蹴る,ける,他五,用脚踢；不满地从座位上站起来；拒绝要求
けれども,けれども,接続，終助,表示转折关系；没有特别意义、仅仅表示前后话题的连接；作为终助词、用于表示谦逊的心情
険しい,けわしい,形,险峻的；可怕的、险恶的；有危险的、艰难的
濃い,こい,形,颜色深；浓度、密度高；味道浓；关系深
恋しい,こいしい,形,怀念、爱慕
請う,こう,他五,请求、希望
講じる,こうじる,他下一,讲授；采取
被る,こうむる,他五,遭受损害或屈辱；得到恩惠；承蒙
越える，超える,こえる,自下一,超过；超越；穿越
肥える,こえる,自下一,肥胖；肥沃；有判断能力；要求高
凍る,こおる,自五,结冰
焦がす,こがす,他五,烧焦；焦急
漕ぐ,こぐ,他五,划船；踩踏船
焦げる,こげる,自下一,烧焦
心当たり,こころあたり,名,估计、猜想
心掛け,こころがけ,名,留意、留心
志す,こころざす,他五,以……为目标、决心
試みる,こころみる,他上一,尝试、企图
心持ち,こころもち,名，副,心情、心境；略微有点
心行く,こころゆく,自五,尽情、尽兴
快い,こころよい,形,舒服、高兴；病情见好
こじつける,こじつける,他下一,牵强附会、歪曲
拵える,こしらえる,他下一,制作；准备、筹措；装扮；作假；拥有
拗れる,こじれる,自下一,别扭、乖僻；复杂、（病）久治不愈
越す,こす,他五,穿过、通过；度过时光；越过高峰；经过；追赶；搬家；来、去的敬语
擦る,こする,他五,擦
挙って,こぞって,副,全、都
答える,こたえる,他下一,回答；解答
拘る,こだわる,自五,讲究、在乎、固执
ご馳走,ごちそう,名，サ変,款待；佳肴
小遣い,こづかい,名,零花钱
ごっこ,ごっこ,造語,儿童玩的游戏
こつこつ,こつこつ,副,勤奋、刻苦
悉く,ことごとく,名，副,一切、全都
如し,ごとし,助動,如同、像
言付け,ことづけ,名,口信、托付
異なる,ことなる,自五,不同；特别
殊に,ことに,副,特别地
断る,ことわる,他五,谢绝、拒绝；预先通知；道歉、解释
こなす,こなす,他五,捣碎、压碎；消化；处理好、做好
こなれる,こなれる,自下一,消化；熟练；通晓世故人情
捏ねる,こねる,他下一,捏；强词夺理
この,この,連体,这、这个；这件（事）
この頃,このごろ,名,最近
好もしい,このましい,形,受欢迎的；令人满意的
好む,こにむ,他五,爱好、喜欢
拒む,こばむ,他五,拒绝、不承认；组织
ご飯,ごはん,名,饭
媚びる,こびる,自上一,献媚、讨好
ご無沙汰,ごぶさた,名，サ変,疏于问候、久违
零す,こぼす,他五,洒、掉（水、饭粒、眼泪等）；抱怨、发牢骚
零れる,こぼれる,自下一,漏、落、掉；溢出；露出
細かい,こまかい,形,细微；严密的、详细的；会打算、小气
誤魔化す,ごまかす,他五,骗人；撒谎；敷衍了事、蒙混过关；骗取
困る,こまる,自五,处于困境、倒霉；不知所措
ごみ,ごみ,名,垃圾
込み上げる,こみあげる,自下一,涌现、涌上来；想吐
込む,こむ,自五,拥挤；复杂、精雕细刻
込める,こめる,他下一,填装；包含；全力以赴、专心致志
籠(も)る,こもる,自五,隐居、隐藏；闭门不出；包含；烟等弥漫于某场所；声音不清楚
肥やす,こやす,他五,施肥；发不义之财；增强判断力等
堪える,こらえる,他下一,忍耐、憋住
凝らす,こらす,他五,使凝固、使僵硬；使集中
懲りる,こりる,自上一,接受了……的教训、吃了苦头再不想干
凝る,こる,自五,肌肉变硬；热衷于；讲究、精心制作
此れ，是,これ,代，感,此、这；现在；这人（用于家人或下属）；这儿；喂
転がす,ころがす,他五,滚动；推倒；放置
転がる,ころがる,自五,滚动；倒下；横躺；随意搁置着
ごろごろ,ごろごろ,副，サ変,汽车、地震等的声音；滚动的样子；随处可见；混入异物、沙子等；懒洋洋
殺す,ころす,他五,杀害；压抑；埋没
転ぶ,ころぶ,自五,跌倒；滚转
怖い,こわい,形,恐惧、恐怖、可怕、吓人
こわごわ,こわごわ,副，サ変,提心吊胆、心惊胆战
壊す,こわす,他五,破坏、损坏；损害、损伤；破坏、砸锅
強張る,こわばる,自五,生硬、变硬
壊れる,こわれる,自下一,乱七八糟、支离破碎；失败、流产；出故障
際して,さいして,連語,适值……之际
苛む,さいなむ,他五,虐待、责备
幸い,さいわい,名，形動，サ変,幸福、荣幸；核实、方便
遮る,さえぎる,他五,遮挡；阻挡
囀る,さえずる,自五,鸣叫；讲个不停
冴える,さえる,自下一,（光、色、音）清晰、明亮；非常冷；引人注目、令人赞叹；反应快、心情爽快
栄える,さかえる,自下一,繁荣
逆さ,さかさ,名,相反、颠倒
探す，捜す,さがす,他五,追踪；物色；寻找
"杯,盃",さかずき,名,杯子
遡る,さかのぼる,自五,逆水行舟；回溯、追溯
逆らう,さからう,自五,逆行；反抗
盛り,さかり,名,最盛时期；壮年、精力充沛的时期
下がる,さがる,自五,下降；向后移、向后退；推移、进展；（阶段、程度、数值等）变低
咲く,さく,自五,开花；说话投机
裂く,さく,自五,撕裂；分散、拆开；腾出时间
探る,さぐる,他五,摸、找；调查；探访风景等
蔑む,さげすむ,他五,蔑视
叫ぶ,さけぶ,自五,大声叫喊；主张
裂ける,さける,自下一,裂开
避ける,さける,他下一,避免、逃避；逃避责任；回避、避开；忌讳
下げる,さげる,他下一,降低；下垂、下挂；收拾、打烊；往后退；取钱；降低（阶段、程度、数值等）
支える,ささえる,他下一,支撑；抵挡、抵御；担负、维持
捧げる,ささげる,他下一,捧起；献给；奉献
細やか,ささやか,形動,细小、细微；一点点；简陋
囁く,ささやく,自他五,小声说话；说悄悄话；传闻、谣传
差し上げる,さしあげる,他下一,举起、抬起；（敬）给
差し当たり,さしあたり,副,目前、眼下、暂且
差し込む,さしこむ,自他五,插入；光线照射；（胸口、腹部）剧疼
差し出す,さしだす,他五,拿出、伸出；提交；寄信
差し支える,さしつかえる,自下一,影响、不利于；带来困难、麻烦
差し控える,さしひかえる,自他下一,控制、节制；谢绝；在旁等候
刺す,さす,他五,刺、扎；虫子叮咬
指す,さす,他五,指给人看；叫名字、点名；朝着；以……为目标；下象棋
差す,さす,自他五,倒水；添加；擦、涂；举到头上；插、夹带；撑（船）；劝酒、敬酒；呈现出；涨潮
挿す,さす,他五,插、夹带；插花；移接花木
さすが,さすが,副,到底是、不愧是；但是、不过；就连……也
授ける,さずける,他下一,授予、传授
摩る,さする,他五,摩、摩擦
誘う,さそう,他五,邀请；相约；加快、催促；诱惑
定まる,さだまる,自五,决定；稳定、安定；持续、持久；沉静、平稳
定める,さだめる,他下一,决定目标等；制定、规定；使……安定、稳定；镇压、镇抚
察する,さっする,サ変,推测；体谅；想象
さっぱり,さっぱり,副,素雅的；爽快的；明朗的；清淡的；彻底；一向、完全、一点都；完全不行
聡い,さとい,形,聪明的；敏锐的、敏感的
悟る,さとる,自他五,醒悟、觉悟；感觉、认知
宛ら,さながら,副,宛如、好像
裁く,さばく,他五,审判、判决
捌ける,さばける,自下一,畅销、卖光；开通、通情达理
寂しい,さびしい,形,寂寞、悲哀；寂静；令人不满的、令人遗憾的
錆びる,さびる,自下一,生锈
冷ます,さます,他五,弄凉、冷却；降低、减低（热情、兴趣）
覚ます,さます,他五,睡醒；使……醒悟、提醒；酒醒
妨げる,さまたげる,他下一,妨碍、阻止
彷徨う,さまよう,自五,徘徊；流浪
寒い,さむい,形,寒冷；胆怯、心虚；简陋的
冷める,さめる,自下一,变冷、变凉；（感情、兴趣等）减退
覚める,さめる,自下一,酒醒；清醒、醒悟；睡醒
褪める,さめる,自下一,褪色、退色
さよなら,さよなら,感,再见
晒す,さらす,他五,晒、晾；漂白；置身险境；暴露、公之于众
更に,さらに,副,进一步；更加；反复、再三；（下接否定形式）一点也
去る,さる,自他五,离去；时间流逝；死去；消失；相隔、相距；过去的；除去、消除；辞职；远离、疏远
然る,さる,連体,某；那样、那种
騒がしい,さわがしい,形,吵闹；不稳定、不安定
騒ぐ,さわぐ,自五,吵闹；慌张；激动；起哄、闹事
ざわめく,ざわめく,自五,嘈杂、吵闹；沙沙作响
爽やか,さわやか,形動,爽快、清爽；（口齿等）清楚、爽利
触る,さわる,自五,轻轻地接触、触摸
障る,さわる,自五,妨碍、有害
さん,さん,接尾,用在人名、职务后表示尊敬
仕上げる,しあげる,他下一,结束、完成
幸せ,しあわせ,形動,幸福；幸运
強いる,しいる,他上一,强迫、迫使
仕入れる,しいれる,他下一,进货；学到、获得
仕打ち,しうち,名,（用于坏的方面）对待、态度
塩辛い,しおからい,形,咸、盐味太重
萎れる,しおれる,自下一,（植物）枯萎、蔫；气馁、泄气
仕掛ける,しかける,他下一,着手；设置、安放；挑衅、引起
然し，併し,しかし,接続,但是
しかも,しかも,接続,而且；即使……也
叱る,しかる,他五,训斥、告诫
頻りに,しきりに,副,屡次、多次
仕切る,しきる,他五,隔开；结帐、清账
敷く,しく,他五,铺被子等；撒开；敷设；摆上；实施
しくじる,しくじる,他五,搞坏、失败；被解雇
仕組む,しくむ,他五,（情节等的）设计；企图
茂る,しげる,自五,繁茂
仕込む,しこむ,他五,教育、传授；采购、进货
静か,しずか,形動,安静；平静、安稳；宁静
静まる,しずまる,自五,变安静；宁静
鎮まる,しずまる,自五,气势变弱；（疼痛等）有所缓和
沈む,しずむ,自五,沉没；落山；变低；变得阴郁、忧郁；陷入、沦落
沈める,しずめる,他下一,使……下沉；使……陷入不幸状态
静める,しずめる,他下一,使……安静、宁静；平息；调和
鎮める,しずめる,他下一,减少、缓和痛苦等；镇压
辞する,じする,サ変,辞退、辞职；推辞、拒绝
慕う,したう,他五,怀念；爱慕；敬慕；追随
下請け,したうけ,名，サ変,承包（人）
従う,したがう,自五,服从；跟随；沿着；随着……
従って,したがって,接続,由于、由此
親しい,したしい,形,亲密、关系好；熟悉
親しむ,したしむ,自五,亲近、认识；习惯
強か,したたか,副，形動,强烈；很、非常；难对付的
滴る,したたる,自五,滴落
仕立てる,したてる,他下一,做衣服；预备好；培养；把……当成
しっかり,しっかり,副，サ変,牢固地；结实；值得信赖的；清醒、不糊涂；认真、扎实；确实、的确；很多、足够
仕付ける,しつける,他下一,管教、教育；习惯、惯用
しつこい,しつこい,形,（色、香、味等）浓艳、腻人；纠缠不休、爱死抠
じっと,じっと,副，サ変,一动不动、安静地；专心致志地；耐心地
しっとり,しっとり,副，サ変,湿润；安详、安静
実に,じつに,副,真的；实在；很、非常
実は,じつは,副,说实话、说真的
設える,しつらえる,他下一,陈设、装饰
撓う,しなう,自五,弯曲、曲折
死ぬ,しぬ,自五,死亡；失去生气；闲置着、不起作用
凌ぐ,しのぐ,他五,忍耐；躲避；克服困难；凌驾、胜过
偲ぶ,しのぶ,他五,追忆
暫く,しばらく,副,一会儿；暂时、目前；一段时间
縛る,しばる,他五,捆绑；拘束
痺れる,しびれる,自下一,麻痹、发麻；陶醉
渋い,しぶい,形,（味道）苦涩；（表情等）苦涩；古朴的、高雅的；小气的
萎む,しぼむ,自五,（气势）衰弱、萎缩
凋む,しぼむ,自五,凋谢
絞る，搾る,しぼる,他五,挤、榨；扎起来；缩小；把声音调小；缩小范围；绞尽脑汁；严厉责备、批评
仕舞う,しまう,自他五,收拾、整理；保存；关门、倒闭
了う,しまう,補助,表示完了；表示不希望出现的结果
閉まる,しまる,自五,关门
締まる,しまる,自五,不宽松、紧
染み込む,しみこむ,自五,渗、漏；刻骨铭心；想法、习惯；根深蒂固
染みる,しみる,自上一,渗透；刺痛；感受深；受影响、染上
じみる,じみる,造語,染上、沾上；似乎、仿佛
締めきり,しめきり,名,最终期限
じめじめ,じめじめ,副，サ変,湿润；忧郁
示す,しめす,他五,出示；表达心情等；指点；钟表等显示刻度
閉める,しめる,他下一,关闭；倒闭
締める，絞める,しめる,他下一,系；掐、勒；节约
占める,しめる,他下一,占有；取得、获得
湿る,しめる,自五,湿；气氛阴郁
蹲む,しゃがむ,自五,蹲下
喋る,しゃべる,他五,聊天、唠叨
洒落る,しゃれる,自下一,潇洒；说风趣话
熟す,じゅくす,自五,果实、葡萄酒等成熟；时机成熟；娴熟、得心应手
準じる,じゅんじる,自上一,按照；相对应
生じる,しょうじる,自上一,产生；发生
乗じる,じょうじる,自上一,乘机、乘势；算乘法
しょげる,しょげる,自下一,泄气、气馁、消沉
徐々に,じょじょに,副,慢慢地、一点点地
処する,しょする,サ変,处于；处刑；处理
しょっちゅう,しょっちゅう,副,经常、总是
しょっぱい,しょっぱい,形,咸的；小气的、吝啬的；为难
白々しい,しらじらしい,形,显而易见地、明显地；佯装不知
焦らす,じらす,他五,使……焦急、着急
知らせる,しらせる,他下一,通知、告诉；通报、预报
調べる,しらべる,他下一,调查、研究；查阅（辞书等）；搜索、检查；审讯
じりじり,じりじり,副，サ変,铃声等；油炸的吱吱音；一步一步地移动；（太阳光）灼热；坐立不安
退く,しりぞく,自五,后退；回避；隐退、辞职；让步
退ける,しりぞける,他下一,避开；赶跑；反驳、拒绝；打倒、使……下台
知る,しる,他五,知道；注意到、醒悟；分辨、区分；理解内容；感到；预见、预知；体验；相识；相关、介入、牵涉
記す,しるす,他五,写下；记述；做记号、标记；记住
知れる,しれる,自下一,被知道；判明、明白
白い,しろい,形,白
しんきん,しんきん,名，サ変,亲近、认识；习惯
信じる,しんじる,他上一,信仰；相信；信赖
しんみり,しんみり,副，サ変,深刻地；沉思；肃静
吸い込む,すいこむ,他五,吸收
吸い付く,すいつく,自五,紧贴、紧咬
吸い取る,すいとる,他五,吸取、吸吮；榨取
吸う,すう,他五,呼吸；吸（烟）；吸收
図図しい,ずうずうしい,形,厚颜无耻的
据え付ける,すえつける,他下一,安装、设置
据える,すえる,他下一,摆放；稳定下来；安置；让……坐下
透かす,すかす,他五,留下缝隙；冲散、减少；透视
清清しい,すがすがしい,形,空气清爽；心情爽快
縋る,すがる,自五,扶、撑、缠住；依赖、依靠
好き,すき,形動,喜爱的；任意、随意
透き,すき,名,缝隙；空隙、余地；疏忽、空子
過ぎ去る,すぎさる,自五,离去；光阴流逝
透き通る,すきとおる,自五,透明；清脆
過ぎる,すぎる,自上一,通过、穿过；超过；经过、经历；结束、过去；过期；过度、过分；胜于
空く,すく,自五,空；闲下来、手空出来
透く,すく,自五,透明；清脆
直ぐ,すぐ,副,马上；不久；（距离）很近；容易、轻易
掬う,すくう,他五,掬起；突然向上拉
救う,すくう,他五,救助；挽救；弥补
少ない,すくない,形,少
ずくめ,ずくめ,接尾,表示颜色一致、完全的意思
優れる,すぐれる,自下一,出色、优秀、卓越
凄い,すごい,形,可怕、吓人；非常、特别；表示惊讶、惊叹的心情
少し,すこし,副,少量、少数；一点点；稍微；一会儿
過ごす,すごす,他五,度过；过分、过度
濯ぐ,すすぐ,他五,洗涤
漱ぐ,すすぐ,他五,漱口
雪ぐ,すすぐ,他五,雪耻
涼しい,すずしい,形,凉快；清爽、爽快
進む,すすむ,自五,前进；进展；进入；进步；（病情）恶化；愿意、积极；旺盛；钟表快
進める,すすめる,他下一,向前进；进展；晋升；增加（食欲）；把时间调快；提高程度
勧める,すすめる,他下一,建议；劝、劝诱
薦める,すすめる,他下一,推荐、推举
廃れる,すたれる,自下一,过时、不流行；衰弱、衰落
すっかり,すっかり,副,全部、完全；非常
すっきり,すっきり,副,心情爽快；整洁、清爽；明了
ずっと,ずっと,副,时间、距离相隔阂；一直、不停地；笔直；……得多
酸っぱい,すっぱい,形,酸
すっぽり,すっぽり,副,全盘、整个；刚好
既に,すでに,副,已经、业已
捨てる,すてる,他下一,扔掉；放弃；抛弃、遗弃
即ち,すなわち,接続,即、也就是说
拗ねる,すねる,自下一,执拗、闹别扭
素早い,すばやい,形,行动快、反应迅速
素晴らしい,すばらしい,形,出色；非常、特别
全て,すべて,副,全部
滑る,すべる,自五,下滑；滑溜；打滑；考试落第；地位下降；说溜嘴
窄む,すぼむ,自五,变细、变窄；萎缩
住まう,すまう,自五,居住
済ます,すます,他五,结束；偿还；对付、将就；解决
澄ます,すます,他五,澄清；装模作样、满不在乎；集中注意力
速やか,すみやか,形動,快速、迅速
住む,すむ,自五,居住
済む,すむ,自五,结束；足够、可以；解决
澄む,すむ,自五,清澈；天空无云；声音清亮；没有邪念
する,する,サ変,做、干；表示人的感觉；表示某种状态；处于某种状态；值（多少钱）、要；戴、佩
擦る，磨る，擂る,する,他五,擦；用光
刷る,する,他五,印刷
掏る,する,他五,扒窃
狡い,ずるい,形,狡猾、滑头、奸诈
鋭い,するどい,形,锋利的；尖锐的；敏捷的
すれ違う,すれちがう,自五,走岔开、走两岔；一出一进、一来一去；不同、不相符
摩れる，擦れる,すれる,自下一,摩擦；磨破皮；世故、滑头
ずれる,ずれる,自下一,移动、错位；背离、偏离
座る，坐る,すわる,自五,坐；就任
すんなり,すんなり,副，サ変,苗条；痛快、顺利
制する,せいする,サ変,制止、抑制；控制
背負う,せおう,他五,肩、肩负
せかせか,せかせか,副，サ変,急忙、慌慌张张
急く,せく,自五,着急、急；急促
せっかち,せっかち,形動,急躁、性急
接する,せっする,サ変,接壤；交汇；接近；接触；应对、接待
切ない,せつない,形,苦恼、难过、痛苦
狭い,せまい,形,空间狭小、幅度狭窄；（看法、观点）贫乏
迫る,せまる,自五,距离迫近；时间临近、逼近；急迫、急促；强迫、迫使
せめて,せめて,副,至少、哪怕是……也好
攻める,せめる,他下一,攻击、进攻、攻打
責める,せめる,他下一,非难、指责；严厉地要求
煎じる,せんじる,他下一,煎、熬
添う,そう,自五,陪伴；结为夫妇；吻合、能实现
沿う,そう,自五,沿着；遵照、按照
添える,そえる,他下一,添加、补充；附加、附上
属する,ぞくする,サ変,属于、隶属于；所属
そこで,そこで,接続,于是、因此；那么
損なう,そこなう,他五,伤害、损害；有损于；错过、漏掉；险些
損ねる,そこねる,他下一,伤害、损害
そして,そして,接続,然后、于是
謗る，誹る,そしる,他五,诽谤、说人坏话
注ぐ,そそぐ,自他五,流入、汇入；落下、降下；浇、洒；灌、注入；灌溉；集中
唆す,そそのかす,他五,挑唆、挑拨、教唆
そそる,そそる,他五,激起、引起
育つ,そだつ,自五,成长、长大、发育；进步、长进
育てる,そだてる,他五,使……成长；促进发育、培养
そちら,そちら,代,那边；你；那个；那一位
素っ気無い,そっけない,形,冷淡、冷漠
そっと,そっと,副,静悄悄地；小心翼翼地；偷偷地；不惊动、不管
備える,そなえる,他下一,准备；备置、备有；具备、具有
備わる,そなわる,自五,备置、备有；具备
其の,その,連体,那、哪个；那时、那件事
そのまま,そのまま,副,原原本本、原封不动的；就那样地；一模一样
聳える,そびえる,自下一,高耸、耸立
染まる,そまる,自五,染上；感染、沾染
背く,そむく,自五,违背、不遵从；违反；辜负
染める,そめる,他下一,染色；映成；着手；留下印象
そよそよ,そよそよ,副，サ変,（风）微微地吹
逸らす,そらす,他五,转移、移向；错过、丢掉；岔开、分散
剃る,そる,他五,剃头、刮胡须
反る,そる,自五,翘起来、反翘；身体向后仰
それ,それ,代,那个；那件事；那时
それだけ,それだけ,副,那些、那么多；唯独那个；只有那些、只限于那些
それで,それで,接続,那么；因此；后来
逸れる,それる,自下一,偏离（目标、方向、话题）
揃う,そろう,自五,汇集、聚集；齐全、成套；整齐、一致
揃える,そろえる,他下一,使汇集、使聚集；使齐备、凑齐；摆整齐；使……一致、整齐
そろそろ,そろそろ,副,慢慢地、静悄悄地；渐渐地、一点点地；不久
ぞんざい,ぞんざい,形動,粗鲁、草率、不礼貌
損じる,そんじる,自上一,损失、损伤
存じる,ぞんじる,自，他上一,“思う、知る”的谦逊语（表示知道；想、认为等意思）
大した,たいした,連体,了不起；（下接否定）不算什么、不要紧
対する,たいする,サ変,相对、面对；对于；对抗；对照、与……相比
台無し,だいなし,名，形動,告吹、弄坏了
平ら,たいら,形動,平、平坦
絶える,たえる,自下一,结束、中止、停止；消失、灭亡
耐える,たえる,自下一,忍耐、忍受；承受、经得住；值得、堪
倒す,たおす,他五,打倒、推倒；打败；打倒、推翻
倒れる,たおれる,自下一,倒塌；病倒、死；倒台；倒闭、破产
高い,たかい,形,高；在上面、在上空；声音的频率高；工资、费用、价格高；地位高；评价高、声誉高；仪表的刻度高
互いに,たがいに,副,相互、双方
高ぶる,たかぶる,自五,兴奋、紧张；骄傲、自满
高まる,たかまる,自五,变高、提高、高涨；增大、扩大
高める,たかめる,他下一,提高、增高；增加、强化
耕す,たがやす,他五,耕（地）
炊く,たく,他五,煮饭
焚く,たく,他五,烧；熏香
抱く,だく,他五,抱；心怀
逞しい,たくましい,形,体格健壮；意志坚定的
巧み,たくみ,形動,巧妙、精巧
企む,たくらむ,他五,打算、企图；预谋
蓄える,たくわえる,他下一,储备、储存；留（胡须、头发）
長ける,たける,自下一,擅长
確か,たしか,副，形動,确实；可靠的；正常的；大概、或许
確める,たしかめる,他下一,确认、核实
出し抜く,だしぬく,他五,乘机、抢先下手
出し抜け,だしぬけ,形動,出乎意料、突然
足す,たす,他五,加上、合计；补充、添足
出す,だす,他五,拿出、取出、送；显现、表现；发出、产生；开始干……
助かる,たすかる,自五,被救、脱险；省钱、省事；有帮助
助ける,たすける,他下一,救助；帮助；促进
尋ねる,たずねる,他下一,寻找、寻求；询问、打听
訪ねる,たずねる,他下一,访问、拜访
ただ,ただ,名,普通的、一般的；不在乎、不计较；免费
ただ,ただ,副，接続,唯、只；仅；但是
湛える,たたえる,他下一,装满；洋溢着、呈现出
戦う，闘う,たたかう,自五,打仗、战斗；竞争
叩く,たたく,他五,拍、敲、擂；拍松软；非难、攻击；试探、探问；杀价
正しい,ただしい,形,正确的、对的；正当、正统；端正；正式的
正す,ただす,他五,订正、修正；修改；使……端正；弄清、辨明
佇まい,たたずまい,名,形态、景致；竖立的姿态
佇む,たたずむ,自五,伫立、站立
畳む,たたむ,他五,折叠；关闭、收拾；藏在心里；杀、干掉
漂う,ただよう,自五,漂流、飘浮；飘香；洋溢、充满
立ち会う,たちあう,自五,到场、在场、会同
立ち上がる,たちあがる,自五,起立；开始、着手；奋起
立ち止る,たちどまる,自五,站住、停步、止步
忽ち,たちまち,副,立刻、马上、一瞬间；突然、忽然
立ち回る,たちまわる,自五,行动、钻营；中途落脚、顺路到
立つ,たつ,自五,竖立；站起来；刺、扎；冒起、升起；门关着；决定、定下；开设；成立；保持、保住；被置于某种立场、状态；传开、散开；离开、出发
絶つ,たつ,他五,断绝；停止、中断；结束
断つ,たつ,他五,剪断、切断；戒、忌；遮断、挡住
建つ,たつ,自五,建起（建筑物）
達する,たっする,サ変,到达、抵达；达到；精通；实现
立て直す,たてなおす,他五,重新竖起；重新调整
建て直す,たてなおす,他五,改建、翻盖；重组、重建
立てる，建てる,たてる,他下一,建造；竖立起来；刺、扎；扬起波浪、使冒烟；关闭；设立；决定；让人当；尊敬、给面子；传播、散步；弄出声响
例えば,たとえば,副,例如、比方说
例える，喩える,たとえる,他下一,比喻；举例
たどたどしい,たどたどしい,形,不熟练、没把握
辿る,たどる,他五,沿着前进、边走边找；追寻、探索；寻访
楽しい,たのしい,形,快乐、愉快
楽しむ,たのしむ,自他五,享受、欣赏；期待、盼望
頼む,たのむ,他五,享受、欣赏；期待、盼望
だぶだぶ,だぶだぶ,副，サ変,（衣服等）过于肥大；（人）肥胖；（液体）过多
食べる,たべる,他下一,吃；生活
騙す,だます,他五,欺骗；使平静、使平息
たまに,たまに,副,偶尔
溜まる,たまる,自五,聚集、汇集；积压、停滞
貯まる,たまる,自五,积攒、积存
堪る,たまる,自五,（后接否定或反语）忍受、受得了
黙る,だまる,自五,沉默、不吱声；不打招呼；不反驳
賜る,たまわる,他五,赏赐、赐予
試す,ためす,他五,试验、尝试、考验
躊躇う,ためらう,自五,踌躇不前、犹豫、迟疑
溜める,ためる,他下一,积蓄、积攒、收集；停滞、累积
保つ,たもつ,他五,保；维持；保持
便り,たより,名,消息、书信
頼る,たよる,他五,投靠；依赖，依靠
だらけ,だらけ,接尾,满是、净是、都是
だらしない,だらしない,形,散漫、马马虎虎；没出息、不争气；不检点、放荡
垂らす,たらす,他五,垂下、披下；流、淌
足りる,たりる,自上一,足够；值得
怠い,だるい,形,倦怠、浑身无力
弛む,たるむ,自五,放松、松开；松懈、松弛
垂れる,たれる,自他下一,悬垂、吊下；垂下；流、淌；施舍
他愛無い,たわいない,形,无聊、不足道；一下子就……、容易；无邪的、天真的
戯れる,たわむれる,自下一,玩弄、玩耍；开玩笑；戏弄、调戏
単に,たんい,副,仅仅、只、单
小さい,ちいさい,形,（体积、面积、身长等）小；（数量、程度）微少、小、低；（年龄）幼小；琐碎、细小；度良小
小さな,ちいさな,連体,小、微小
近い,ちかい,形,近、靠近；最近、近日；亲近；亲密；近似于
誓う,ちかう,他五,发誓、宣誓
違う,ちがう,自五,不同、不符合；错误；不正常
近付く,ちかづく,自五,挨近、靠近；临近；亲近；近似、相似
縮まる,ちぢまる,自五,缩小、收缩
縮む,ちぢむ,自五,变短、变小；起皱纹；萎缩
縮める,ちぢめる,他下一,缩小、缩短；裁短、弄小；蜷曲、缩回
血の気,ちのけ,名,血色；血气
ちょうど,ちょうど,副,正好、恰好；恰巧、碰巧；简直
ちょっと,ちょっと,副,一会儿、一下；顺便；相当、颇为；喂；一时（难以）、（不大）容易
散らす,ちらす,他五,撒散、吹散；驱散、赶散；分散；消肿
ちらり,ちらり,副,一闪、一晃；稍微、略微
散る,ちる,自五,凋谢、落；离散、分散；消散；渗；消肿；涣散、不专心
ちんぷんかんぷん,ちんぷんかんぷん,名,莫名其妙、没法理解的（话、事）
つい,つい,副,一不小心、终于；刚刚
就いて,ついて,接,关于、就
序に,ついでに,副,顺便；就便
遂に,ついに,副,最后、结局、终于
費やす,ついやす,他五,耗费、花费；浪费、白费
通じる,つうじる,自他上一,通往、通向；通（电）；领会、理解、沟通；精通、熟悉；行得通；通用；男女私通；包括所有的；以……为媒介
使う,つかう,他五,使用、利用工具；雇佣；使用语言；使用手段；做某事
使える,つかえる,自下一,可以使用、能够适用；有效；能干的；能派上用场的
仕える,つかえる,自下一,侍奉、侍候、服侍
支える,つかえる,自下一,堵、赛；发生障碍；积压、积存；有人使用、没空着
司る，掌る,つかさどる,他五,掌管、控制
尽かす,つかす,他五,用尽、用完
束の間,つかのま,名,一瞬间、转眼间
捕まえる,つかまえる,他下一,逮捕；留住；结成一体
捕まる,つかまる,自五,被逮捕；紧紧抓住；找到、叫到（出租车）
掴む,つかむ,他五,拽住、揪住；抓住、把握住
疲れる,つかれる,自下一,疲劳、劳累；变旧
付き合う,つきあう,自五,交际、打交道；陪伴、作陪
突き当たる,つきあたる,自五,冲突、撞上；走到尽头；面临、面对
付き添う,つきそう,自五,陪伴、照料、护理
突き出す,つきだす,他五,推出；伸出、探出；扭送
突き付ける,つきつける,他下一,摆在眼前、亮出；提出
月並み,つきなみ,名,每月、按月；庸俗、老套
尽きる,つきる,自上一,用完、用尽；结束
付く,つく,自五,附上、粘附、沾上；留下痕迹；附属、附带；具备、设有；带有；掌握、学会；扎根；跟随、照料；随同、陪伴；偏袒、向着；值、顶、相当于；命名；点火；决定；运气好
突く，衝く,つく,他五,扎、刺、戳；撞、顶；扶、把；严厉地追究；冒着、顶着；扎心、痛心
点く,つく,自五,点（灯）
就く,つく,自五,就、从事；沿着、跟随
着く,つく,自五,到达；触及
搗く,つく,他五,捣
接ぐ,つぐ,自五,连接、嫁接
継ぐ,つぐ,自五,继承；缝补、修缮；添加、续上
尽くす,つくす,他五,竭尽全力；为……效力、报效、贡献
つくづく,つくづく,副,仔细、细心；深刻地、深切地；实在、切实
償う,つぐなう,他五,赔偿、补偿；弥补
作る,つくる,他五,制作、加工；栽培；耕种；制定；创作；排成、形成；设立；创下纪录等；抽空；交朋友、生孩子；强装、勉强；培养、训练；化妆；做饭菜；报时
造る,つくる,他五,建造；造币；设计庭院；酿造；创造
繕う,つくろう,他五,缝补、修缮；整理、修饰；敷衍
告げ口,つげぐち,名，サ変,告状、告密
漬ける,つける,他下一,浸泡；腌菜
付ける,つける,他下一,靠近、靠紧；贴上、拴上；涂抹；安装；附上、加上；使陪伴、使跟随；留下痕迹；着手、开始做；记录、写；养成、掌握；盛饭等；跟踪、尾随；小心、留意；建立、解决；决定；给予
点ける,つける,他下一,点火（灯）、打开
就ける,つける,他下一,使就座；就职、使从事；使从师
着ける,つける,他下一,佩带、带伤、系上；抵达、到达；把……靠在、贴在
告げる,つげる,他下一,让……听、公布；通知、告知
伝う,つたう,自五,顺、沿、攀
伝える,つたえる,他下一,通知、传达；传授、继承；从海外引进；传递热、光、声音等
拙い,つたない,形,拙劣、笨拙；不佳
伝わる,つたわる,自五,被传递、被传达；传播、传布；沿着；继承；传来
培う,つちかう,他五,栽培；培养、养成
土臭い,つちくさい,形,土气的
つつく,つつく,他五,轻轻地碰、捅；（用筷子夹着）吃
続く,つづく,自五,继续、持续；连接不断；连接着、挨着；紧接着
続ける,つづける,他下一,继续、持续；连接在一起
突っ込む,つっこむ,自他五,塞入、扔入；突入、突击；钻进、扎进、埋头；追究
謹む，慎む,つつしむ,他五,谨慎、小心；节制、斋戒
突っ張る,つっぱる,自他五,支撑、顶起、撑起；抽筋；猛烈反驳、坚持己见；抵抗、反抗；不良、学坏
慎ましい,つつましい,形,谦虚、谦恭；节约、朴素
包む,つつむ,他五,包装；覆盖、笼罩、沉浸；包红包奉上；隐瞒、藏在心里
綴る,つづる,他五,装订；写作；拼写
集い,つどい,名,聚集、集会
勤まる,つとまる,自五,能胜任、干得来
勤める,つとめる,他下一,工作、做事、任职
努める,つとめる,他下一,尽力、努力
繋がる,つながる,自五,连接；相关、牵涉；有血缘关系；接通电话
繋ぐ,つなぐ,他五,拴、系；结合、牵、拉；维系
常に,つねに,副,时常、总是
抓る,つねる,他五,拧
募る,つのる,自他五,招募、征集、招聘；增强
具に，備に,つぶさに,副,详细、详尽；仔细、认真
潰す,つぶす,他五,弄碎、压碎；宰杀；堵死、赌上；丢脸、损害名誉；消磨时间；败家、使破产；毁坏
呟く,つぶやく,自五,叽咕、唠叨
潰れる,つぶれる,自下一,倒塌、挤坏、压坏；丢人、丢脸；倒闭、破产；坏了、泡汤；痛心、悲痛
窄まる,つぼまる,自五,收缩
蕾む,つぼむ,自五,含苞待放
窄める,つぼめる,他下一,收缩、合上；收拢
倹しい,つましい,形,节俭、俭朴
躓く,つまずく,自五,绊倒、跌倒、摔跤；失败
詳らか，審らか,つまびらか,形動,详细地、清除地
撮む，抓む，摘まむ,つまむ,他五,摘、掐；下筷子、吃；摘要、摘取
つまらない,つまらない,形,无趣、无聊；不足挂齿
つまり,つまり,副,总之
詰まる,つまる,自五,塞满、挤满；堵塞；困窘、窘迫；收缩
積み替える,つみかえる,他下一,倒装、转运
積み重なる,つみかさなる,自五,堆积；累计、叠加
積み立てる,つみたてる,他下一,储蓄、积攒
積み荷,つみに,名,货物
詰む,つむ,自五,稠密、密实；（下棋时）被将死
積む,つむ,他五,堆积；装运、装载；积累；积蓄、积攒
摘む,つむ,他五,摘取、掐、采
紡ぐ,つむぐ,他五,纺织
瞑る,つむる,他五,闭眼、无视
詰め込む,つめこむ,他五,塞得满满的
冷たい,つめたい,形,寒冷；冷淡、冷漠
詰める,つめる,自他下一,装放、塞入；挤紧、紧靠；憋紧；缩短；节约、节俭；值班、上班；不停地、持续
積もり,つもり,名,意图、打算；期待、预订；就当作……、就算是……
積もる,つもる,自五,积、堆积；累积、积攒
強い,つよい,形,强、强大；健康、结实；坚强、刚强；对……有抵抗力；棒、过硬；严格、强硬；牢固、紧；擅长、会做；酒量好
強がる,つよがる,自五,逞强、好强
強まる,つよまる,自五,强烈起来、增强
強める,つよめる,他下一,加强、强化、强大
辛い,つらい,形,难过、难受、难堪；冷酷、刻薄、残酷
連なる,つらなる,自五,成行、成排；列席、参加；参与；牵连
貫く,つらぬく,他五,穿过、穿透、贯通、贯穿；坚持、贯彻
連ねる，列ねる,つらねる,他下一,排成一列；罗列、连接；会同、伴同；带领、率领
釣り合う,つりあう,自五,平衡、均衡；相配、相称；调和
吊り上げる,つりあげる,他下一,吊起；抬高、哄抬
釣り銭,つりせん,名,找回的钱、找零
吊る,つる,他五,悬挂、挂；吊起；上吊；向上翘；抽筋
釣る,つる,他五,垂钓；引诱、诱骗
吊るす,つるす,他五,吊起、挂起
連れ,つれ,名,同伴
つれない,つれない,形,冷淡、薄情；不理睬
吊れる,つれる,自下一,吊起来、向上吊
連れる,つれる,他下一,带、领
攣れる,つれる,自下一,抽筋、痉挛
出会う,であう,自五,遇见、碰上
手厚い,てあつい,形,热情的、热忱的；丰厚的、优厚的
手編み,てあみ,名,手编、手编织物
手荒い,てあらい,形,粗暴、粗鲁
手洗い,てあらい,名,厕所、卫生间
呈する,ていする,サ変,呈送；呈现
手痛い,ていたい,形,重大的、严重的、沉重的
手入れ,ていれ,名，サ変,修理、收拾、保养；搜捕、搜查
手掛かり,てがかり,名,线索
出掛ける,でかける,自下一,外出、处罚；访问、串门
出稼ぎ,でかせぎ,名，サ変,外出挣钱、外出干活
手堅い,てがたい,形,坚实的、值得信赖的
出来上がる,できあがる,自五,完成、做完；酒酣、醉意浓
適する,てきする,サ変,适合、适于；配当……、够做……
出来る,できる,自上一,做好、做完；制作、制造；出产；形成、出现；天生的；设立、成立；可能；好、不错；有修养、人品好；男女搞到一起
梃入れ,てこいれ,名,为了打开困难局面而给予援助或支持
てこずる,てこずる,自五,不知所措、棘手
手応え,てごたえ,名,手的感觉；反应、效果
出しゃばる,でしゃばる,自五,多管闲事、插嘴；显耀自己
手違い,てちがい,名,错误、漏子
手付き,てつき,名,手的姿势、动作
手作り,てづくり,名,手工制作、自己做
撤する,てっする,サ変,刻骨铭心；彻底、始终；彻夜、通宵
手伝う,てつだう,自他五,帮助；加上
でっち上げる,でっちあげる,他下一,捏造
手取り,てどり,名,纯收入
出直す,でなおす,自五,再来、重来；重新开始、重新做起
手慣れる,てなれる,自下一,熟练；习惯、使惯
手抜かり,てぬかり,名,疏忽、遗漏、漏洞
手抜き,てぬき,名,偷工（减料）
手拭い,てぬぐい,名,毛巾、手帕
掌，手のひら,てのひら,名,手掌
手放す,てばなす,他五,放手；放下（工作）；让孩子离开身边
手早い,てばやい,形,敏捷、麻利
手引き,てびき,名,引路、向导；入门书
手拭き,てふき,名,擦手布、擦手纸
手ぶら,てぶら,名,空手
手振り,てぶり,名,打手势
手回し,てまわし,名，サ変,用手搅；安排、布置
出回る,でまわる,自五,上市；随处可见、到处是
出迎える,でむかえる,他下一,出迎、迎接
出向く,でむく,自五,前往、前去
でも,でも,接続,但是、可是、不过
手持ち,てもち,名,手头的、现有的
衒う,てらう,他五,夸耀、炫耀、显示
照らし合わせる,てらしあわせる,他下一,对照
照らす,てらす,他五,照射、照耀；比较、参观
照り付ける,てりつける,自下一,暴晒
照る,てる,自五,照射、照耀
出る,でる,自下一,外出；迈出；出发、离去；出现；突出、露出；流出；出席；接电话；到达；超过；出版、登载；看到；得到；出现；发生；出产；来自；带来；进入；毕业；支出；销售；采取……态度；增加
照れ臭い,てれくさい,形,害羞
照れる,てれる,自下一,害羞
手渡す,てわたす,他五,亲手交给
転じる,てんじる,自他上一,转变、改变
点じる,てんじる,他上一,加批点、标点；画、点；点灯；点；点茶
天引き,てんびき,名，サ変,（发放工资之前）预先扣除
問い,とい,名,提问；问题
問い合わせる,といあわせる,他下一,询问
問う,とう,他五,问；追查；（用否定形式表示）不管
どう,どう,副，サ変,怎么样、怎么、如何
どうか,どうか,副,请；好歹会、总会；是否；不正常、可笑
どうして,どうして,副，感,怎样、为什么
如何しても,どうしても,副,务必；怎么也
投じる,とうじる,自他上一,投宿；投合；投、跳进；给、配给
どうせ,どうせ,副,反正
どうぞ,どうぞ,副,设法；请；请吧
貴い,とうとい,形,高贵
尊い,とうとい,形,珍贵、尊贵
とうとう,とうとう,副,终于
尊ぶ,とうとぶ,他五,尊重、尊敬
どうにも,どうにも,副,的确；无论如何也
どうも,どうも,副,怎么也；总觉得；实在；（用来打招呼或表示）感谢、歉意
どうやら,どうやら,副,好歹；总觉得
道理で,どうりで,副,怪不得
遠い,とおい,形,（距离）远；（时间）长；关系疏远；迟钝、不敏锐；相差悬殊
遠く,とおく,名,远地
遠ざかる,とおざかる,自五,远离；疏远
通す,とおす,他五,使……通行；领进；使……穿过；使……透过；看完；使……合格；一直；通过；经过；坚持
遠回し,とおまわし,名，形動,委婉（地）
遠回り,とおまわり,名，形動,绕道；麻烦
通り,とおり,名,街道；通行；水、空气的流通；（声音的）响亮；评价、声誉；理解、领会；同样的状态
通る,とおる,自五,通过、穿过；通过（考核、审查）；穿过；闻名
溶かす，融かす解かす,とかす,他五,溶解、融化
梳かす,とかす,他五,梳
咎める,とがめる,他下一,责备；内疚；盘问
尖る,とがる,自五,尖；（神经）过敏；发怒
どきっと,どきっと,副，サ変,大吃一惊
どきどき,どきどき,副，サ変,扑通扑通地跳
時に,ときに,副，接続,有时；可是、不过
ときめく,ときめく,自五,心脏（因兴奋而）扑通乱跳
時めく,ときめく,自五,得志、走运
跡切れる,とぎれる,自下一,中断
解く,とく,他五,解开、解除；解答；消除；废除
説く,とく,他五,说明
溶く,とく,他五,溶解、化开
研ぐ,とぐ,他五,研磨；擦亮；淘洗
退く,どく,自五,让开、躲开
得する,とくする,サ変,占便宜、赚
毒する,どくする,サ変,毒害
毒毒しい,どくどくしい,形,似乎有毒；恶毒、凶恶；（颜色）刺眼、浓艳
特に,とくに,副,格外、特别
溶け込む,とけこむ,自五,融为一体
刺刺しい,とげとげしい,形,（说话）带刺
解ける,とける,自下一,松了；（怒气）消了；答出、解开；解除（禁令等）
溶ける，融ける,とける,自下一,溶解；溶化
熔ける,とける,自下一,熔化
遂げる,とげる,他下一,达到、完成；最终
退ける,どける,他下一,挪开、移开
床の間,とこのま,名,壁龛
ところが,ところが,接続,然而
所狭し,ところ狭し,連語,满满的
ところで,ところで,接続,（转换话题）可是；哦；对了
鎖す，閉ざす,とざす,他五,锁；封锁；封闭
年越し,としこし,名,除夕
閉じ込める,とじこめる,他下一,关在里面
閉じ籠る,とじこもる,自五,闷在（家中、屋里）
年の瀬,としのせ,連語,年关、年末
土砂降り,どしゃぶり,名,倾盆大雨
年寄り,としより,名,老年人
綴じる,とじる,他上一,订上、缝上
閉じる,とじる,自他上一,关、闭；关、合上；结束、关闭
途絶える，跡絶える,とだえる,自下一,中断
どたばた,どたばた,副，サ変,（脚步声）啪哒啪哒作响
どちら,どちら,代,哪儿；哪里；（敬语）哪位
どっかり,どっかり,副,沉重的样子；突然、急剧
疾っく,とっく,副,很久以前、老早
嫁ぐ,とつぐ,自五,出嫁
どっさり,どっさり,副,很多
どっしり,どっしり,副，サ変,（看上去）沉重；稳重
どっち,どっち,代,[どっら]的简慢的说法
どっちつかず,どっちつかず,名，形動,摇摆不定
どっち道,どっちみち,副,总之
取って置き,とっておき,名,珍藏（物）
どっぷり,どっぷり,副,蘸满、沉浸
とても,とても,副,怎么也；及其
届く,とどく,自五,送到、到达；及、够；无遗漏、周到；（心愿）得偿、（希望）达到
届け出る,とどけでる,他下一,申报
届ける,とどける,他下一,报告；送到
滞る,とどこおる,自五,拖欠；拖延、延误
整う,ととのう,自五,齐整、端正
調う,ととのう,自五,达到、成立
整える,ととのえる,他下一,整理
調える,ととのえる,他下一,谈妥；准备
とどのつまり,とどのつまり,副,归根结底
止まる,とどまる,自五,止于、限于
留まる,とどまる,自五,停留
止める,とどめる,他下一,止住、停止；限于（某种程度）
留める,とどめる,他下一,留下
轟く,とどろく,自五,轰鸣；跳动；（名声）响震
唱える,となえる,他下一,念诵；高喊；提倡；倡导
称える,となえる,他下一,称呼、自称
どなた,どなた,代,（谁的敬语）哪位
怒鳴る,どなる,自五,大声喊、怒喊
兎に角,とにかく,副,总之；姑且（不谈）
どの,どの,連体,哪个
飛ばす,とばす,他五,使……飞、放；溅、喷；飞驰、疾驰；跳过；散布；被降职
度外れ,どはずれ,名，形動,异常、特别
飛び交う,とびかう,自五,纷飞
飛び回る,とびまわる,自五,（到处）奔跑；东奔西走
跳ぶ,とぶ,自五,跳、越
飛ぶ,とぶ,自五,飞、飞跑；飞扬、飞溅；断、脱落；烟消云散、无影无踪；（号码等）不连接；散布、流传
恍ける，惚ける,とぼける,自下一,（头脑）迟钝；假装不知；做出滑稽行为
乏しい,とぼしい,形,不足；贫困
とぼとぼ,とぼとぼ,副,疲劳地、有气无力地；蹒跚地
戸惑い,とまどい,名,困惑、彷徨
戸惑う,とまどう,自五,不知所措
止まる,とまる,自五,原地不动；中止；（鸟、飞虫等）落于某处休息、栖在
留まる,とまる,自五,固定住；留（在印象中）
泊まる,とまる,自五,停泊；投宿、住宿
富む,とむ,自五,富裕；丰富、富于
弔う,とむらう,他五,吊唁；祭奠
留め金，止め金,とめがね,名,别扣、金属卡子
止める,とめる,他下一,使……停下；堵住；制止、禁止
留める,とめる,他下一,固定住；系、扣；留住、记住
泊める,とめる,他下一,留住、留宿
兎も角,ともかく,副,不管怎样；姑且不论
ともすると,ともすると,副,常常、动辄
ともすれば,ともすれば,副,常常
共倒れ,ともだおれ,名,两败俱伤、同归于尽
伴う,ともなう,他五,伴随；带领；相称
共に,ともに,副,一起；都、均；同时、相伴着
共働き,ともばたらき,名，サ変,夫妇双方都工作、双职工
点る，灯る,ともる,自五,点（灯）
どもる,どもる,自五,口吃
どやどや,どやどや,副,吵吵嚷嚷、（一窝蜂似的）涌出、涌进
捕らえる,とらえる,他下一,逮捕；抓、握
捉える,とらえる,他下一,把握、领会；占据
どら息子,どらむすこ,名,败家子
囚われる，捕らわれる,とらわれる,自下一,被俘；拘泥于
取り合う,とりあう,他五,争夺；理睬；手牵手
取り敢えず,とりあえず,副,急忙；立刻；首先、暂先
取り上げる,とりあげる,他下一,拿起；采用、受理；没收；接生
取り扱う,とりあつかう,他五,使用、处理；办理；对待
取り急ぎ,とりいそぎ,副,急速；立即
取り入る,とりいる,自五,讨好、巴结
取り入れる,とりいれる,他下一,收进；收割；采用、引进
取り柄,とりえ,名,长处
取り返す,とりかえす,他五,找回、夺回；恢复、挽回
取り替えす,とりかえる,他下一,交换；更换、更新
取り掛かる,とりかかる,自五,开始、着手
取り組む,とりくむ,自五,以……为对手；（为处理某事而）埋头苦干
取り消す,とりけす,他五,取消、撤销
取り込む,とりこむ,自他五,拿进来；占领、占为己有；侵吞；忙乱、忙碌；笼络、拉拢
取り捌く,とりさばく,他五,处理、调处
取り締まる,とりしまる,他五,掌管；监管、监视、取缔
取り澄ます,とりすます,自五,装摸做样、道貌岸然
取り立てる,とりたてる,他下一,征收、催缴；提拔；特别提起
取り付く,とりつく,自五,缠着、围着；着手、开始；（不好的东西）附体；（被）缠住
取り次ぐ,とりつぐ,他五,传达、通报；代销、代办
取り繕う,とりつくろう,他五,缝补、修理；粉饰、遮掩
取り付ける,とりつける,他下一,安装；取得、达成
取り直す,とりなおす,他五,改变拿法；重又拿起；重振（精神）
取り成す，執り成す,とりなす,他五,说和、调停；斡旋、周旋；劝解
取り除く,とりのぞく,他五,拆除、除掉
取り引き,とりひき,名，サ変,贸易；交易
取り巻く,とりまく,他五,围绕、包围；逢迎、捧场
取り乱す,とりみだす,他五,弄乱；失掉理智、惊慌失措
取り持つ,とりもつ,他五,斡旋、撮合；应酬、接待
採る,とる,他五,采取、采用；选择；雇用
撮る,とる,他五,摄影；拍电影
執る,とる,他五,处理、实行；拿；执笔
取る,とる,他五,拿、握、攥；除掉、去掉；夺取、偷盗；掌权；掌管天下；获得；拿取（食物）、进行（睡眠等）；占据（时间、空间）；征收；记下；理解；确保；保存；订阅；上了年纪；接受、承担；采取措施、用手段；测量、计算；诊脉
捕る,とる,他五,抓住
何れ,どれ,代,哪个
どれ,どれ,感動,喂、哎
どれどれ,どれどれ,感動,“どれ”的强调说法、语气更强
何れ程,どれほど,副,多么、何等
獲れる,とれる,自下一,捕、捉
撮れる,とれる,自下一,照相
取れる,とれる,自下一,脱落；消除；收获、出产；届时成为、理解；协调
泥臭い,どろくさい,形,土腥气；土气、不文雅
蕩ける,とろける,自下一,溶化、溶解；心荡神驰、销魂
問わず,とわず,副,不论、不限
度忘れ,どわすれ,名，サ変,一时想不起来、突然忘记
豚カツ,とんかつ,名,炸猪排
どん底,どんぞこ,名,底层、最下层；最糟的状态
とんだ,とんだ,連体,意外的；不可挽回的
どんちゃん騒ぎ,どんきゃんさわぎ,名,喝酒喧闹
とんでもない,とんでもない,形,意外；哪有的事
どんどん,どんどん,副,（鼓等的）咚咚声；接连不断、一个劲儿的
どんな,どんな,連体,什么样的、怎样的
無い，亡い,ない,形,无、没有；死去
ない,ない,補助動词,不、没有
蔑ろ,ないがしろ,形動,轻视、忽视
綯う,なう,他五,搓、捻
萎える,なえる,自下一,没精神、萎靡、没劲儿；枯萎、蔫
尚且つ,なおかつ,副,更、而且还、仍然
治す，直す,なおす,他五,修改、订正；治疗；更改、变更；（在动词的连用形后）重做、改作
直る，治る,なおる,自五,改正、矫正、修理；痊愈；（向更高一级）转变、升格
"長い,永い",ながい,形,距离远的、长的；（时间）长；永别；耐性好
長生き,ながいき,名，サ変,长寿
流し,ながし,名,冲、流；厨房水池、澡堂冲澡处；流动、串街（卖唱、揽客）
流す,ながす,他五,使液体流动；冲；冲洗；播放（声音、音乐等）；传播；流放；（艺人、出租车等）串街揽客；（典当东西）当死；（聚会、集会等）停止、作罢
長続き,ながつづき,名，サ変,持久
中でも,なかでも,副,其中、有气
半ば,なかば,名，副,一半；中途；正中间
長引く,ながびく,自五,拖延
眺める,ながめる,他下一,眺望、凝视
長持ち,ながもち,名，サ変,经久耐用
中休み,なかやすみ,名，サ変,中间休息
仲良し,なかよし,名,友好、好朋友
ながら,ながら,接続，接尾,虽然、尽管；一边……一边；都、全；原样
莫れ，勿れ,なかれ,連語,不要、莫
流れ,ながれ,名,流、河流；系统、流派；漂泊；趋势、潮流
流れる,ながれる,自下一,流、淌；漂流；（如水流般）流动、飘动；（岁月、时光）流逝；漂泊；（典当东西）当死；中止
泣き声,なきごえ,名,哭声
鳴き声,なきごえ,名,啼声、叫声
泣き面,なきつら,名,哭脸
泣きべそ,なきべそ,名,撇嘴要哭的样子
泣き虫,なきむし,名,爱哭的人
泣く,なく,自五,啼哭、哭泣；感觉为难、吃苦头、懊悔；忍痛降价
鳴く,なく,自五,（鸟等）鸣叫、啼叫
慰み,なぐさみ,名,消遣、解闷、娱乐；捉弄、玩弄
慰める,なぐさめる,他下一,宽慰、安慰；慰问、抚慰
無くす,なくす,他五,消除；丢失
亡くす,なくす,他五,丧、死
無くなる,なくなる,自五,完、尽、遗失
亡くなる,なくなる,自五,死、故去
殴る,なぐる,他五,殴打
投げ掛ける,なげかける,他下一,披上；投掷、投到；提出（疑问）；偎靠
嘆く,なげく,自他五,悲伤、忧愁；愤慨
投げ出す,なげだす,他五,扔、抛；豁出、拿出；放弃
なけなし,なけなし,名，形動,仅有一点点
投げ遣り,なげやり,名，形動,（把工作等）扔下；草率、马虎
投げる,なげる,他下一,投、扔；跳入；投射；放弃
和む,なごむ,自五,平静、温和
和やか,なごやか,形動,和谐、安详
名残惜しい,なごりおしい,形,惜别、依依不舍
情け,なさけ,名,人情、情义；慈悲、同情；雅趣、情趣；爱情
情けない,なさけない,形,可怜、可叹、悲惨；无情、冷酷
名指し,なざし,名,指名
為さる,なさる,他五,（する）的尊敬语；接动词连用形做敬语用
無し,なし,名,无、没有
馴染む,なじむ,自五,适应、熟识；溶化、溶合
生す,なす,他五,生、产
成す，為す,なす,他五,做、为；完成、达到目标；变为；形成、构成
擦り付ける,なすりつける,他下一,涂上、抹上；推诿、转嫁
擦る,なする,他五,涂上、擦上；推诿、转嫁
なぞる,なぞる,他五,描（字或画等）；套用
名高い,なだかい,形,闻名的
宥める,なだめる,他下一,劝、哄、安慰
なだらか,なだらか,形動,平缓；稳妥、顺利
懐かしい,なつかしい,形,（令人）怀念、眷恋、依恋
懐く,なつく,自五,亲近、驯服
名付ける,なづける,他下一,命名、起名
撫でる,なでる,他下一,抚摸、抚摩；梳整头发
名無し,ななし,名,无名、无名无姓
斜め,ななめ,名，形動,斜、倾斜；非同寻常、欠佳
何気ない,なにげない,形,若无其事；无意
何しろ,なにしろ,副,不管怎样、总之
何やら,なにやら,副,什么、某些；总觉得
何より,なにより,副,比什么都（好）
名乗る,なのる,自他五,自报姓名；自称、冒称；作为自己的名（姓）
靡く,なびく,自五,随着（风、水等）飘动、流动；屈从；依从
嬲る,なぶる,他五,嘲弄
生臭い,なまぐさい,形,鱼腥；血腥；俗气的
怠け者,なまけもの,名,懒汉
怠ける,なまける,自下一,懒惰
生ごみ,なまごみ,名,（厨房扔掉的）含有水分的垃圾
艶かしい,なまめかしい,形,艳丽、妖艳
訛る,なまる,自他五,发讹音、发乡音
波み立つ,なみだつ,自五,起浪；（如波浪般）起伏、不平静；起风波
並外れる,なみはずれる,自下一,不寻常、非凡
滑らか,なめらか,形動,光滑；流利、顺溜
嘗める，舐める,なめる,他下一,舔；品尝；经历；火烧；轻视、嘲弄
悩み,なやみ,名,烦恼
悩む,なやむ,自五,（肉体的）痛苦；烦恼；（接动词连用形之后，表示该动作）不能顺利进行
なら,なら,接助，副助，接続,如果；就……方面来说；如果那样、那么
習い事,ならいごと,名,要学习的技艺
習う,ならう,他五,学习、练习
倣う,ならう,他五,模仿
慣らす,ならす,他五,使……习惯
馴らす,ならす,他五,驯养
均す,ならす,他五,平整；平均
鳴らす,ならす,他五,鸣响、（使）出声；出名、驰名；数落
生らず者,ならずもの,名,无赖
並びに,ならびに,接続,以及
並ぶ,ならぶ,自五,排成列；匹敌
並べる,ならべる,他下一,排列；（整齐地）摆；比较；一一列举
慣わし,ならわし,名,风俗、习惯
成り立ち,なりたち,名,成立的经过；构成
成り立つ,なりたつ,自五,成立、构成、组成；划得来、能维持
成り行き,なりゆき,名,趋势、变迁、结果
成る，生る,なる,自五,结果实；成为、到达；变成……状态；变得……；到（某时刻、某个数量）；起作用；（お+动词的ます形+になる）构成敬语
鳴る,なる,自五,鸣、响；驰名、闻名
なるべく,なるべく,副,尽可能
成る程,なるほど,副，感,的确；（用于肯定对方的话）的确如此
馴れ合う,なれあう,自五,相好；男女私通；串通、合谋
馴れ馴れしい,なれなれしい,形,亲密；熟不拘礼
慣れる,なれる,自下一,习惯、习以为常；熟练；惯于……
馴れる,なれる,自下一,驯熟
熟れる,なれる,自下一,味道出来、腌好
縄張り,なわばり,名,圈绳定界；（圈定）势力范围、地盘
何だか,なんだか,副,总觉得
何だって,なんだって,連語，感,不管怎样；为什么；什么
何て,なんて,副,多么、何等
何で,なんで,副,为什么
何でも,なんでも,連語，副,不管什么；不论有什么；大概、据说是
何でもない,なんでもない,連語,算不了什么、不要紧
何と,なんと,副，感,怎么、如何；表示感叹
何か,なんか,連語，副,表示不定的事物；总算；设法
何となく,なんとなく,副,总觉得、不由得
難なく,なんなく,副,轻而易举地
似合う,にあう,自五,合适、般配
兄さん,にいさん,名,哥哥；对年轻男子的称呼
煮える,にえる,自下一,煮熟；（水）烧开了；非常气愤
匂い，臭い,におい,名,香气；臭味；气息、情绪
匂う，臭う,におう,自五,散发气味；（颜色）显得鲜艳；（做坏事的）样子、迹象
匂わせる,におわせる,他下一,散发；暗示
苦い,にがい,形,苦；不愉快、痛苦
逃がす,にがす,他五,放跑；没抓住
苦苦しい,にがにがしい,形,很讨厌、非常不痛快
似通う,にかよう,自五,相似、相仿
にきび,にきび,名,粉刺
賑やか,にぎやか,形動,热闹、繁华；闹哄哄
握り,にぎり,名,握、一把（量）；把手；（“握り飯”、“握りずし”的略语）饭团
握る,にぎる,他五,握、攥；攥饭团；掌握
賑わう,にぎわう,自五,热闹、繁华
賑わす,にぎわす,他五,使热闹、使繁华
憎い，悪い,にくい,形,可憎、讨厌；漂亮、令人佩服
難い，悪い,にくい,接尾,（接动词连用形）很难、不好办
憎たらしい,にくたらしい,形,可憎、讨厌
憎まれっ子,にくまれっこ,名,谁都讨厌的孩子
憎む,にくむ,他五,憎恶、恨
憎らしい,にくらしい,形,可憎、可恨；令人嫉妒
逃げ足,にげあし,形,逃跑（速度）
逃げ道,にげみち,名,退路；逃避（责任）的方法
逃げる,にげる,自下一,逃跑；逃避（责任等）
濁す,にごす,他五,弄混；含糊（其词）
にこにこ,にこにこ,副，サ変,笑眯眯
にこやか,にこやか,形動,和颜悦色
濁る,にごる,自五,混浊；污浊、混乱；（声音）不清晰；发浊音
滲む,にじむ,自五,洇；渗出；反映出
にじる,にじる,自他五,膝行；（用脚踩住）碾；践踏
似せる,にせる,他下一,模仿、伪造
煮炊き,にたき,名，サ変,做饭
似つかわしい,につかわしい,形,合适、相称
荷作り,にづくり,名，サ変,包装（货物）、包捆（行李）
担う，荷う,になう,他五,担、挑；担负
二の句,にのく,名,第二句话
鈍い,にぶい,形,钝的；（光、音）弱；（动作、思想）迟钝、迟缓
鈍る,にぶる,自五,变钝、不快；减弱、变弱
にやにや,にやにや,副，サ変,独笑貌、嗤笑貌
睨む,にらむ,他五,瞪；估计；监视、盯上
似る,にる,自上一,象、似；大同小异
煮る,にる,他上一,煮
任ずる,にんずる,サ変,自命；任命
縫いぐるみ,ぬいぐるみ,名,（内填棉絮德）布制（动物）玩偶；（剧）扮演动物的兽形罩衣
縫い物,ぬいもの,名,针线活、缝纫；待缝或缝好的活儿
縫う,ぬう,他五,缝；穿过空隙
抜かす，吐かす,ぬかす,他五,失去力气或劲头；省略、跳过；胡说、扯
抜き,ぬき,名，接尾,去掉；食品里省去通常放入的东西；开瓶子起子的略语；连胜
抜き出す,ぬきだす,他五,拔出、选出
抜き取る,ぬきとる,他五,拔出、拿掉；选出；窃取
抜きん出る,ぬきんでる,自下一,出类拔萃
抜く,ぬく,他五,拔出；选出；除掉；窃取；省掉；超过；胜过；（作补助动词）做到底
脱ぐ,ぬぐ,他五,脱掉、摘掉；脱下丢开
拭う,ぬぐう,他五,擦掉；消除、洗刷
温もり,ぬくもり,名,温和、暖和
抜け殻,ぬけがら,名,（蝉、蛇等）蜕下的皮或壳；失神的人
抜け出す,ぬけだす,自五,溜；开始脱落
抜け出る,ぬけでる,自下一,逃出、摆脱；杰出、出众
抜け目,ぬけめ,名,漏洞、疏忽
抜ける,ぬける,自下一,脱落、掉下；溜走；漏掉；穿过；消失；迟钝
脱げる,ぬげる,自下一,脱落下来
盗む,ぬすむ,他五,偷盗；偷闲；背着、偷偷地；剽窃
濡らす,ぬらす,他五,润湿、弄湿
塗り物,ぬりもの,名,漆器
塗る,ぬる,他五,涂、抹
温い,ぬるい,形,半冷不热、不够热；不严厉
ぬるぬる,ぬるぬる,副，サ変,滑溜；粘乎乎
濡れ衣,ぬれぎぬ,名,冤枉
濡れ手,ぬれて,名,湿手
濡れる,ぬれる,自下一,湿、淋湿
値上げ,ねあげ,名，サ変,加价
値打ち,ねうち,名,价值
姉さん,ねえさん,名,（敬）姐姐；（对年轻女子的称呼）小姐；（对旅馆、饭店等的女服务员的称呼）大姐
願い,ねがい,名,愿望、请求
願い出る,ねがいでる,他下一,提出申请
願う,ねがう,他五,期望；请求、要求
寝返り,ねがえり,名,翻身；背叛
寝かす,ねかす,他五,使……睡觉；放倒；积压、存放不用；使……发酵
労う,ねぎらう,他五,慰劳
値切る,ねぎる,他五,还价
根こそぎ,ねこそぎ,名，副,根除；全部
寝転ぶ,ねころぶ,自五,横卧、随便躺下
値下げ,ねさげ,名，サ変,减价
根差す,ねざす,自五,生根、扎根；起因、由来
拗ける,ねじける,自下一,弯弯曲曲；（性情）乖僻
捻じ込む,ねじこむ,自他五,拧进；塞进；提出严重抗议
捻じ曲げる,ねじまげる,他下一,扭曲、歪曲
捻る，捩る,ねじる,他五,扭、拧
捻じれる，捩じれる,ねじれる,自下一,扭歪、乖僻
ねた,ねた,名,素材；戏法等的道具；机关；（俗称）证据
寝たきり,ねたきり,名，サ変,（因衰老或病）卧床不起
妬ましい,ねたましい,形,嫉妒
妬む，嫉む,ねたむ,他五,嫉妒
強請る,ねだる,他五,撒娇、央求、强求
根付く,ねづく,自五,扎根、成活
根っ子,ねっこ,名,根、根本、树桩
熱する,ねっする,サ変,变热；兴奋、热衷；加热
熱っぽい,ねつっぽい,形,发烧的、发热的；热情的
根強い,ねづよい,形,坚固的、根深蒂固的
根無し,ねなし,名,无根；无根据
粘つく,ねばつく,自五,发粘、粘上
粘り強い,ねばりづよい,形,粘性强；坚忍不拔、有毅力
粘る,ねばる,自五,粘、发粘；坚持不懈
値引き,ねびき,名，サ変,减价、降价
根深い,ねぶかい,形,根深；由来已久的
寝惚ける,ねぼける,自下一,睡意朦胧；色调不鲜明
根回し,ねまわし,名，サ変,（为移植或使果树增产）切断树的须根；（为达到目的、取得结果）事先做好有关方面的工作
眠い,ねむい,形,想睡的
眠る,ねむる,自五,睡；长眠、死；埋藏、放置、不被利用
狙いどころ,ねらいどころ,名,着眼点
狙う,ねらう,他五,瞄准；伺机；以……为目标
練り歯磨き,ねりはみがき,名,牙膏
寝る,ねる,自下一,躺下；睡觉；因病卧床；积压
練る，煉る,ねる,自他五,列队游行；揉、和（面粉、馅等）；加工、锤炼；提高、修养
練れる,ねれる,自下一,熬炼好、成熟的；人经磨练而成熟
念入り,ねんいり,名，形動,精心、用心
年がら年中,ねんがらねんじゅう,副，サ変,一年到头、终年
懇ろ,ねんごろ,形動,亲切、殷勤；亲昵、亲密
念ずる,ねんずる,サ変,（向神佛）祈祷；祈愿
能無し,のうなし,名,无能、没用的人
逃す,のがす,他五,错过、漏掉
逃れる,のがれる,自下一,逃脱；逃避、避免；远离
軒並み,のきなみ,名，副,房檐栉比；全部、毫无例外的
除け者,のけもの,名,被疏远的人、受排挤的人
退ける,のける,他下一,移开、使离开
除ける,のける,他下一,排除
残す,のこす,他五,剩下；留下
残らず,のこらず,副，サ変,全部
残る,のこる,自五,留下；剩余；残留；流产后世
のさばる,のさばる,自五,任意妄为、横行霸道
伸し上がる,のしあがる,自五,爬上（高位）、飞黄腾达
伸し掛かる,のしかかる,自五,压在……上
伸す,のす,自他五,发展；（活动范围等）延伸；熨平；打倒
載せる,のせる,他下一,放在……上；装载、装运；登载
乗せる,のせる,他下一,使……乘坐；传播、传导；和着（节拍、节奏）；骗人、欺骗；吸收参见、让参加
覗かせる,のぞかせる,他下一,露出事物的一部分
除く,のぞく,他五,除去；除外
覗く,のぞく,自他五,露处（物体的）一部分；从缝隙中看；窥视；粗略地看一下；向下看
望ましい,のぞましい,形,符合心愿、理想的
望む,のぞむ,他五,远望、眺望；期望
臨む,のぞむ,自五,面对、朝向；进发；面临、面对、遭遇
乗っ取る,のっとる,他五,夺取、占领；劫持
則る,のっとる,自五,遵守、按照
のっぽ,のっぽ,名，形動,高个
のどやか,のどやか,形動,悠然的、悠静的、风和日丽的
罵る,ののしる,他五,骂
伸ばす,のばす,他五,伸展；伸直、使……平坦；稀释；打倒、打趴在地；扩展、发展
延ばす,のばす,他五,延长日期、时间
野放し,のばなし,名,（家畜）放养；放任、不加管束
伸び縮み,のびちぢみ,名，サ変,伸缩、弹性
伸び悩む,のびなやむ,自五,停滞不前、行市呆滞
伸び伸び,のびのび,副，サ変,舒展、轻松、愉快
延び延び,のびのび,形動,延期
伸びる,のびる,自上一,变长、（褶皱等）伸展；失去弹性；增长、发展；筋疲力尽
延びる,のびる,自上一,延长、延期；时间变长
延べ,のべ,名,总计
伸べる,のべる,他上一,伸出；延迟、延缓
延べる,のべる,他上一,铺开
述べる,のべる,他上一,叙述、阐述
上せる,のぼせる,他上一,提出、提到
逆上せる,のぼせる,自下一,头晕；上火；沉溺、热衷于；骄傲、飘飘然
上り,のぼり,名,朝上移动、爬、登；上行（列车、巴士等）
上る,のぼる,自五,向上移动；溯流航行；就高位；从地方向首府移动；达到、高达；被提起
登る,のぼる,自五,登、爬、攀
昇る,のぼる,自五,升腾、升起
呑まれる,のまれる,自下一,被拉入、被拽入；被压倒
飲み込む，呑み込む,のみこむ,他五,吞下；理解、领会
飲み干す,のみほす,他五,喝光、喝干
飲み水,のみみず,名,饮用水
飲み物,のみもの,名,（水、酒、茶等）饮料
飲む，呑む,のむ,他五,喝、喝酒；抽、吸；接受；压倒、胜过；隐匿、隐藏
のめり込む,のめりこむ,自五,（身体）向前倒；陷入
乗り換える,のりかえる,自下一,换乘；改变（主张、方针、所属等）
乗り掛かる,のりかかる,自五,正要赶上；开始
乗り気,のりき,名,感兴趣、起劲
のりくむ,のりくむ,自五,（为工作）同乘一条船
のりこえる,のりこえる,自下一,越过、跨过；超过；克服
乗り越す,のりこす,他五,坐过站、乘过头
乗り込む,のりこむ,自五,乘坐；开进、到达
乗り出す,のりだす,自他五,乘车外出；参与；身体向前探出
乗り場,のりば,名,乘（车、船）的地点
乗る,のる,自五,乘、坐、骑；登上；和着、附和；乘势、乘机；上当、受骗；附着、上膘
載る,のる,自五,放在上面；刊载、登载
鈍い,のろい,形,迟缓的；（头脑）迟钝的
呪う，詛う,のろう,他五,诅咒、咒骂
惚ける,のろける,自下一,津津乐道自己的风流韵事
のろのろ,のろのろ,副，サ変,缓慢、迟缓
呪わしい,のろわしい,形,可憎的、倒霉的
飲んだくれ,のんだくれ,名,酒鬼、醉鬼
のんびり,のんびり,副，サ変,悠然自得、逍遥自在
這い上がる,はいあがる,自五,爬上；摆脱困境
ばい菌,ばいきん,名,细菌
入る,はいる,自五,进入；移动；缩入、太阳落山等；入学、进公司；装进、容纳；进入（某种状态、时期）；包含、含有；看、听
這う,はう,自五,爬；攀缠
生え抜き,はえぬき,名,土生土长；（创业以来的）原来
映える，栄える,はえる,自下一,照、映照；惹人注目、显眼；映衬
生える,はえる,自下一,生长
羽織る,はおる,他五,披上、穿上
剥がす,はがす,他五,剥下
捗る,はかどる,自五,顺利进展、推进
果敢ない,はかない,形,虚幻无常的；不能依赖、指望的
捗捗しい,はかばかしい,形,迅速发展；进展顺利
馬鹿馬鹿しい,ばかばかしい,形,无聊、愚蠢
歯がゆい,はがゆい,形,焦急的、懊悔的、不耐烦的
計らう,はからう,他五,商量；处理、适当处置
計り知れない,はかりしれない,連語,无法估量的
計る,はかる,他五,计算；评价、预测；欺骗、诈骗
図る,はかる,他五,计划；处理、照顾、安排
測る,はかる,他五,测量
量る,はかる,他五,测量、计算
諮る,はかる,他五,咨询、磋商
謀る,はかる,他五,图谋、策划
はきはき,はきはき,副，サ変,伶俐、干脆、爽快
歯切れ,はぎれ,名,牙咬东西的感觉；口齿
穿く，履く,はく,他五,穿鞋、袜等
佩く,はく,他五,佩戴
掃く,はく,他五,扫除；轻涂
吐く,はく,他五,喷出；呕吐、吐出；冒出；说出、吐露；招供
剥ぐ,はぐ,他五,剥；剥夺
育む,はぐくむ,他五,孵、抱窝；养育；保护、培养
博する,はくする,サ変,获得
はけ口,はけぐち,名,排水口；发泄对象；销路
激しい,はげしい,形,猛烈；剧烈
励ます,はげます,他五,激励；提高嗓门、厉声
励む,はげむ,自五,勤勉、勤奋
捌ける,はける,自下一,排水；售出
剥げる,はげる,自下一,脱落；暴露、败露
禿げる,はげる,自下一,脱落；山光秃秃的
化ける,ばける,自下一,化身为；乔装、冒充；骤变
歯ごたえ,はごたえ,名,嚼头；有干劲、起劲
運び,はこび,名,搬运；移步、前往；进展、行进
運ぶ,はこぶ,自他五,进展；运送；前往；推进
挟まる,はさまる,自五,夹在；加在对立双方中间
挟む,はさむ,他五,夹进、插进；夹；心生……
剪む,はさむ,他五,剪、铰
弾く,はじく,他五,弹跳、弹力；不沾水；弹；打算盘
はしたない,はしたない,形,卑鄙、下流
始まる,はじまる,自五,开始；开始（老一套行为）；（后接否定表示）无用、白费劲
始め，初め,はじめ,名,最初；起初；以……为首
始める,はじめる,他下一,开始；开始（老一套的行为）；开始做……
燥ぐ,はしゃぐ,自五,喧闹
恥らう,はじらう,自五,害羞
走る,はしる,自五,跑；行驶、奔驰、运行；逃亡；倾向于（不好的方向）；（文笔）流畅；伸展；突然出现
恥じる,はじる,他上一,羞耻、惭愧；（用否定式表示）不愧为
橋渡し,はしわたし,名，サ変,搭桥、从中斡旋
恥ずかしい,はずかしい,形,不好意思的；害羞；感到羞愧
辱める,はずかしめる,他下一,侮辱；玷污
外す,はずす,他五,取下、解开；离席；避开；错过
蓮っ葉,はすっぱ,名，形動,（女人）轻浮、轻佻
弾み,はずみ,名,弹性；劲头；势头、（偶然的）机会；刹那
弾む,はずむ,自他五,弹、反弹；气息变粗；情绪高涨、起劲；（一狠心）拿出很多钱
外れる,はずれる,自下一,脱落、掉下；脱离、不合；未中、落空；相悖、不合（道理等）
馳せる,はせる,自他下一,跑；驱（车）；缅怀、驰名
叩く,はたく,他五,掸；拍、打；用光、花光
肌触り,はだ触り,名,触感、手感；与人交往时的感觉
果たして,はたして,副,果然果真
果たす,はたす,他五,实现；光、尽
働き,はたらき,名,工作；机能、作用；才能
働きかける,はたらきかける,自下一,发动；对……做工作
働く,はたらく,自他五,劳动、工作；作用；干坏事
鉢合わせ,はちあわせ,名，サ変,头碰头；邂逅
はちきれる,はちきれる,自下一,满满的、撑破
破竹の勢い,はちくの勢い,連語,破竹之势
はっきり,はっきり,副，サ変,清楚；明确；清晰、明了；干脆、断然
発する,はっする,サ変,发生；发出；发表
はったり,はったり,名,虚张声势、故弄玄虚
ばったり,ばったり,副,突然倒下的样子；不期而遇；突然停止
初詣で,はつもうで,名,新年后初次惨败（神社、寺院）
果て,はて,名,边际、尽头；最后、末了、结局
果てる,はてる,自下一,终、尽、完毕；死；（接动词连用形后）达到极点
歯止め,はどめ,名,车闸；制止
花盛り,はなざかり,名,花盛开；最盛的时候
話し合い,はなしあい,名,商量、协商
話し手,はなして,名,说话者、谈天的伙伴；健谈的人
放す,はなす,他五,放开、撤开；放掉、放走
離す,はなす,他五,分离、离开；间隔、隔开
話す,はなす,他五,说、讲；商量、商谈；说（外语等）
放つ,はなつ,他五,派遣；射箭；放；防（火）；放开、解放
鼻つまみ,はなつまみ,名,讨厌（的人）、惹人嫌（的人）
甚だ,はなはだ,副,非常、很
甚だしい,はなはだしい,形,非常、很
華々しい,はなばなしい,形,豪华、辉煌
華やか,はなやか,形動,引人注目、显赫
華やぐ,はなやぐ,自五,热闹起来、变得辉煌（盛大）起来
離れる,はなれる,自下一,有距离、有差距；离开；分离、分开；脱离、背离
放れる,はなれる,自下一,脱开、脱离
離れ業,はなれわざ,名,惊人的技艺、绝技
はにかむ,はにかむ,自五,害臊、羞怯
羽根突き,はねつき,名,板羽球
跳ね返る,はねかえる,自五,跳回、弹回；反过来影响
撥ね付ける,はねつける,他下一,拒绝
撥ね除ける,はねのける,他下一,推开；淘汰
跳ねる,はねる,自下一,跳；飞溅；散戏、散场；（行情）飞涨
刎ねる,はねる,他下一,砍掉
撥ねる,はねる,他下一,淘汰；提成、攫取；飞溅、撞飞；发拨音
憚る,はばかる,自他五,有势力；顾忌
羽ばたく,はばたく,自五,振翅、拍打翅膀；活跃
幅広い,はばひろい,形,宽广；广泛
阻む,はばむ,他五,阻碍、阻止
蔓延る,はびこる,自五,蔓延；横行、泛滥
省く,はぶく,他五,精简；节省
填まる，嵌まる,はまる,自五,吻合；合适、陷入、掉进；中计
食み出す,はみだす,自五,露出；超出、越出范围
食む,はむ,他五,吃；受禄、食俸
歯向かう，刃向かう,はむかう,自五,反抗
嵌める，填める,はめる,他下一,镶、嵌；戴上；欺骗
速い,はやい,形,快、迅速
早い,はやい,形,早；为时尚早、还不到时候；时间短、快
早起き,はやおき,名，サ変,早起
生やす,はやす,他五,使生长
囃す,はやす,他五,伴奏；齐声喝彩、呐喊嘲笑
早引け,はやびけ,名，サ変,（由学校、工作地点）早退
早まる,はやまる,自五,提前；仓促、轻率
速める,はやめる,他下一,加快、加速
早める,はやめる,他下一,提前
流行る,はやる,自五,流行；盛行；（疾病等）流行、蔓延；兴旺
払う,はらう,他五,拂、掸；横扫、横砍；支付；倾注、表示
祓う,はらう,他五,驱除、拔除
腹黒い,はらぐろい,形,心眼儿坏、阴险
腹ごしらえ,はらごしらえ,名，サ変,（开始工作或干活之前）先吃好饭
腹ごなし,はらごなし,名,助消化、消食
腫らす,はらす,他五,使……肿胀
晴らす,はらす,他五,解除、消除（疑虑、愁闷、怒气等）
ばらす,ばらす,他五,弄得七零八散；揭穿、泄露；杀死
腹立たしい,はらだたしい,形,令人气愤
ばらつく,ばらつく,自五,（雨等）稀稀拉拉地降下；不平均、有偏差
はらはら,はらはら,副，サ変,眼泪、树叶等飘落的样子；非常担心的样子
ばらばら,ばらばら,副，形動,（雨点等）连续降落声；支离破碎
孕む,はらむ,他五,怀孕；鼓起；包含、包藏
張り,はり,名,有力；劲头、信心
張り合う,はりあう,自他五,竞争、抗争；争夺（恋人等）
張り切る,はりきる,自五,拉紧、绷紧；鼓足干劲
張り子,はりこ,名,纸糊的
張り出す,はりだす,自他五,突出、伸出；公布、揭示
張る,はる,自他五,拉、张开；（将液体）装满；设置、摆；固执、坚持（己见）；打（头、脸）、殴打；胀、僵硬；拉紧；突出来；伸展、扩张
貼る,はる,他五,粘贴
遥か,はるか,副，形動,（在空间、时间、程度上）远、遥远
春めく,はるめく,自五,有春色、有春意
晴れ,はれ,名,晴、晴天；隆重、正式、公开；（嫌疑）消除
晴れ着,はれぎ,名,盛装
晴れ姿,はれすがた,名,身穿礼服；出席盛大场面的姿态
晴れ晴れ,はればれ,副，サ変,晴朗；愉快、高兴
腫れ物,はれもの,名,肿包、疙瘩
晴れやか,はれやか,形動,晴朗、明朗；心情舒畅；盛大
腫れる,はれる,自下一,肿
晴れる,はれる,自下一,晴；（心情）舒畅；（嫌疑、疑惑）消除
反する,はんする,サ変,反对、相反；违反
判ずる,はんずる,サ変,判断、推测
干上がる,ひあがる,自五,干透、干涸；无法生活
日当たり,ひあたり,名,向阳（处）
延いては,ひいては,副,进而、进一步
秀でる,ひいでる,自下一,优秀、擅长
冷え込む,ひえこむ,自五,气温骤降；（身体）觉冷、着凉
冷える,ひえる,自下一,变冷、变凉；（感情等）变冷淡
控えめ,ひかえめ,名，形動,节制；谨慎、客气
日帰り,ひがえり,名，サ変,当天回来
控える,ひかえる,自他下一,（在近旁）等候；拉住、拽住；节制、控制；面临、靠近；写下来
僻む,ひがむ,自五,乖僻、抱偏见
干からびる,ひからびる,自上一,干透、干巴巴
光る,ひかる,自五,发光、闪光；出众、显眼
引かれる,ひかれる,自下一,被吸引
引き上げる,ひきあげる,他下一,打捞、吊起；提高、涨价；提升、提拔；撤回、撤走；返回
率いる,ひきいる,他上一,率领、统率
引き受ける,ひきうける,他下一,承担、接受；保证
引き返す,ひきかえす,自五,返回
引き換える,ひきかえる,他下一,交换、兑换；相反、不同
引き込む,ひきこむ,自他五,引进来；患（伤风、感冒）
引きこもる,ひきこもる,自五,闷居家中
引き締まる,ひきしまる,自五,绷紧、紧张
引き締める,ひきしめる,他下一,勒紧、拉紧；使（精神等）紧张；紧缩、节俭
引き摺る,ひきずる,他五,拖、拽；硬拉；拖延
引出し,ひきだし,名,抽屉
引き出す,ひきだす,他五,拉出、发挥；提出、提取（存款）
引き立つ,ひきたつ,自五,显眼
引き立てる,ひきたてる,他下一,强行拉走；关闭（拉门）；鼓励；关照；衬托、使……显得好看
引き続き,ひきつづき,副,继续
引き攣る,ひきつる,自五,（烧、烫伤等）结伤疤；痉挛、抽筋；僵硬、发僵
引き止める,ひきとめる,他下一,留、挽留
引き取る,ひきとる,自他五,领取、领回；收养；死；退出、离去
引き抜く,ひきぬく,他五,拔出；拉拢过来
引き伸ばす,ひきのばす,他五,拉长、抻长；（相片）放大
引き延ばす,ひきのばす,他五,延长、拖长
引く,ひく,他自五,拉、拽；拔出、抽（签）；收回、缩回；搭拉、拖；引导、领；消减、扣除；引进、安装（电灯、自来水等）；划线；拉长；涂上；吸引、引诱；作用；查（字典等）；继承；吸入、进入体内；消退、减退；后退；辞去、退出
碾く,ひく,他五,磨碎
轢く,ひく,自五,碾、压
弾く,ひく,他五,弹奏、拉
低い,ひくい,形,低、矮；低贱；低微
びくとも,びくとも,副,（下接否定语）一动不动、处之泰然
びくびく,びくびく,副，サ変,（吓得）发抖、提心吊胆
低める,ひくめる,他下一,降低
日暮れ,ひぐれ,名,日暮、黄昏
引け目,ひけめ,名,自卑感
ひけらかす,ひけらかす,他五,炫耀、夸耀
引ける,ひける,自下一,不好意思、畏缩
退ける,ひける,自下一,下班、放学
日ごと,ひごと,名,每天；日渐
日差し,ひざし,名,阳光照射、照射的阳光
久しい,ひさしい,形,好久、许久
久し振り,ひさしぶり,名，形動,（隔了）好久
跪く,ひざまずく,自五,跪、跪下
びしびし,びしびし,副,严厉、不留情
犇く,ひしめく,自五,（人群）拥挤、吵吵嚷嚷
びしょ濡れ,びしょぬれ,名,湿透、淋湿
びしょびしょ,びしょびしょ,副，形動,（雨）连绵不断；湿透、湿淋淋地
歪み,ひずみ,名,斜、歪；（喻）不良影响；（心地）不正；变形
密か,ひそか,形動,秘密、偷偷、暗中
潜む,ひそむ,自五,隐藏；藏在（心中）
潜める,ひそめる,他下一,隐藏；消（声）
浸す,ひたす,他五,浸泡；浸湿
肥立ち,ひだち,名,康复；成长
浸る,ひたる,自五,浸、淹；沉浸在、耽于
引っかかる,ひっかかる,自五,挂住；牵连；上当；挂心
引っ掛ける,ひっかける,他下一,挂上、剐破；披上；泼上、溅上；欺骗；（一口气）喝；撞上
引っ切り無し,ひっきりなし,形動,接连不断地、不停地
びっくり,びっくり,副，サ変,吃惊
ひっくり返る,ひっくりかえる,自五,颠倒过来；倒下、翻倒；被推翻
引っ括める,ひっくるめる,他下一,汇总起来
火付け役,ひつけやく,名,放活者；肇事者
引っ越す,ひっこす,他五,搬家、迁居
引っ込む,ひっこむ,自五,引退；塌陷，洼下；退下、退出
びっしょり,びっしょり,副,湿透
びっしり,びっしり,副,挤得紧紧、密密麻麻
ひっそり,ひっそり,副，サ変,寂静、鸦雀无声
ぴったり,ぴったり,副，形動,紧紧地；恰好、正合适；说中、猜中
引っ張る,ひっぱる,他五,（用力）拉、拽硬拉走
酷い,ひどい,形,残酷、无情；厉害、严重
偏に,ひとえに,副,完全、专心
人恋しい,ひとこいしい,形,想与人交际的
人込み,ひとごみ,名,人群拥挤（的地方）
人差し指,ひとさしゆび,名,食指
等しい,ひとしい,形,相等、相同；类似于、近似于
一つ,ひとつ,名，副,一个、一岁；表示强调；一体、一样；一方面；试一试、稍微；请
一つ覚え,ひとつおぼえ,名,老记住一件事、老一套
一通り,ひととおり,副,大概、大略；一般、普通
人並み,ひとなみ,名，形動,普通、与常人同样、平常
一握り,ひとにぎり,名,少数、一小撮
人見知り,ひとみしり,名，サ変,（小孩）认生
一人，独り,ひとり,名，副,一个人；独身；独自；（后接否定）仅仅、只是
日取り,ひどり,名,日期、日程
独り合点,ひとりがてん,名，サ変,自以为懂、自以为是
独り言,ひとりごと,名,自言自语
一人っ子,ひとりっこ,名,独生子
独りでに,ひとりでに,副,自然而言、自动地
独り善がり,ひとりよがり,名，形動,自命不凡、自以为是
鄙びる,ひなびる,自上一,土气、带有乡村风味
雛祭り,ひなまつり,名,日本三月三日女孩节系列偶人的节日活动
皮肉る,ひにくる,他五,挖苦、奚落、讽刺
捻くる,ひねくる,他五,玩弄、摆弄；找借口辩解；玩味
捻くれる,ひねくれる,自下一,弯曲、扭歪乖僻、别扭
捻る,ひねる,他五,扭转（身体等）；捻、拧、扭；费尽心机；（轻而易举）打败
日の出,ひので,名,日出；旭日喷薄（之势）
日の丸,ひのまる,名,红太阳形；（日本国旗）太阳旗
響き,ひびき,名,回声、响声；影响；听到时的感觉
響く,ひびく,自五,发出回音、有回响；震动；影响；扬名、闻名
秘める,ひめる,他下一,隐藏、隐秘；蕴藏、蕴含
日持ち,ひもち,名,（食物等的）耐存程度、能放得住
紐解く，繙く,ひもとく,他五,翻阅、阅读
冷や,ひや,名,凉、冷
冷やかす,ひやかす,他五,挖苦、嘲弄、奚落；只问价不买
日焼け,ひやけ,名，サ変,晒黑
冷やす,ひやす,他五,凉一凉、（用冰）镇、使冷静
冷ややか,ひややか,形動,凉、冷；冷淡
ひょうきん,ひょうきん,形動,轻佻、滑稽
表する,ひょうする,サ変,表示
評する,ひょうする,サ変,评论、评价
日除け,ひよけ,名,遮日、遮日光的东西
ひょっと,ひょっと,副,突然、偶然；不留神
開き,ひらき,名,差距；散会、结束；（剖开鱼腹的）干鱼
開き直る,ひらきなおる,自五,突然改变态度
開く,ひらく,自他五,开启、敞开；打开；（割る）（砕く）等词的避讳说法；（数学）开方；开始；开；开花；有差距
拓く,ひらく,他五,开拓
開ける,ひらける,自下一,舒展、开阔；开化；开明
平たい,ひらたい,形,平的、平坦的；浅显易懂的
ひらひら,ひらひら,副，サ変,飘扬、飘荡
閃かす,ひらめかす,他五,使闪闪发光；显示、夸示（才能等）
閃き,ひらめき,名,闪光；（才能、感觉等）闪现
閃く,ひらめく,自五,闪耀、闪烁；飘动；闪现、突然想出
ひらりと,ひらりと,副,（身体）轻巧地、敏捷地
ひりひり,ひりひり,副，サ変,辣得荒、火辣辣地疼
翻す,ひるがえす,他五,翻过来；翻身一跃；使飘扬；突然改变态度
怯む,ひるむ,自五,畏怯、胆怯
平伏す,ひれふす,自五,跪拜、叩拜
広い,ひろい,形,辽阔；渊博的、广泛的；（心胸）宽广
拾う,ひろう,他五,拾、捡；挑、选；意外得到；在路上雇（汽车等）
広がる,ひろがる,自五,（面积、范围）扩大、蔓延；拡大、拡展
広げる,ひろげる,他下一,打开、展开；扩大、扩展
広まる,ひろまる,自五,传播、扩散
広める,ひろめる,他下一,扩大；普及、推广
日割り,ひわり,名,按日计算（工资）；日程表
干割れる,ひわれる,自下一,干裂
瀕する,ひんする,サ変,濒临、迫近
びんた,びんた,名,嘴巴、耳光
ひんやり,ひんやり,副，サ変,凉嗖嗖的
分厚い,ぶあつい,形,非常厚
風変わり,ふうがわり,名，形動,与众不同、古怪
封切り,ふうきり,名,刚开封的东西；开始；首次放映
封ずる,ふうずる,サ変,封上；封闭；禁止
ふうふう,ふうふう,副,呼哧呼哧地；忙得喘不过气来
増える，殖える,ふえる,自下一,增加、增多
深い,ふかい,形,深；深刻、深远；深厚；（色、香）浓、深
不甲斐無い，不甲斐ない,ふがいない,形x,没有志气、窝囊
更かす,ふかす,他五,熬夜
蒸かす,ふかす,他五,蒸
吹かす,ふかす,他五,喷烟、吸烟；（使发动机）高速运转；逞威风、摆（架子）
深深と,ふかぶかと,副,深深地
深まる,ふかまる,自五,深起来、深化
深み,ふかみ,名,深处；与……关系紧密；深度
深める,ふかめる,他下一,加深、加强
吹き替える,ふきかえる,他下一,（货币、金属）重铸；代演、替角；（外国电影、电视等）译制、配音
吹き込む,ふきこむ,自他五,刮尽；教唆、灌输；录音
吹き出す，噴き出す,ふきだす,自五,冒出、喷出；噗地笑起来
吹き付ける,ふきつける,自他下一,风劲吹；喷上
吹き出物,ふきでもの,名,肿疱；疙瘩
吹き飛ばす,ふきとばす,他五,刮跑；驱除、驱散
吹き回し,ふきまわし,名,风向；当时的心情、情况
拭く,ふく,他五,擦、试
吹く,ふく,自他五,刮；吹；吹（笛等）；吹牛；铸造
噴く,ふく,自五,（水蒸气等）喷出；（向外部）现出、冒出
葺く,ふく,他五,修葺（屋顶）
覆水盆に返らず,ふくすいぼんにかえらず,連語,覆水难收
服する,ふくする,サ変,服从；服务、从事；服用（茶等）
福福しい,ふくぶくしい,形,胖乎乎、有福
含み,ふくみ,名,包含、含有；含蓄、暗示
含む,ふくむ,他五,含有；含着；怀有（想法、感情等）；带、含；包括
含める,ふくめる,他下一,包含、包括；告知、嘱咐
膨よか,ふくよか,形動,丰满、鼓起、松软
膨らむ,ふくらむ,自五,鼓起、膨胀；（想法、计划的规模）拡大
膨れっ面,ふくれっつら,名,（因生气、不满而）噘着嘴的脸
膨れる,ふくれる,自下一,肿、胀、鼓出；生气、不高兴
更ける,ふける,自下一,（季节、叶）深
老ける,ふける,自下一,老、上年纪
塞がる,ふさがる,自五,塞满、占满；关、闭；占着、用着
塞ぎ,ふさぎ,名,精神郁闷
塞ぐ,ふさぐ,自他五,挡、阻挡；（耳朵）堵、塞；郁闷、不舒畅
ふざける,ふざける,自下一,欢闹、欢蹦乱跳；开玩笑；愚弄、戏弄；（男女间）调情
相応しい,ふさわしい,形,适合、相称
ふしだら,ふしだら,名，形動,放荡、行为不检点
節回し,ふしまわし,名,曲调、旋律
付する，附する,ふする,サ変,附加；提交、交给
防ぐ,ふせぐ,他五,防御、防止、预防
臥せる,ふせる,自五,躺、卧、卧床
伏せる,ふせる,他下一,翻（过来）、扣（过来）；向下、伏下；隐藏、埋伏、不张扬
再び,ふたたび,副,再次
二つ,ふたつ,名,二、两个；第二；两岁
ぶち壊す,ぶちこわす,他五,弄坏、打碎；打乱、破坏
ぶちまける,ぶちまける,他下一,倾倒一空；完全说出、和盘托出
打つ,ぶつ,他五,打；讲演（的强调说法）
ぶつかる,ぶつかる,自五,撞、碰；遇到、碰到；适逢、赶到一起；交涉、直接谈判；冲突、争吵
ぶっきらぼう,ぶっきらぼう,名，形動,粗鲁、莽撞、生硬
ぶつぎり,ぶつぎり,名,（烹饪）切成大块（的鱼肉等）
吹っ切る,ふっきる,他五,（隔阂等）完全消除
ふっくら,ふっくら,副，サ変,柔软而丰满状、松软而鼓起状
ぶつける,ぶつける,他下一,投、扔；撞上、碰上；提出（难题等）
ふっと,ふっと,副,噗地（吹口气）；忽然、猛地
吹っ飛ぶ,ふっとぶ,自五,（忽然一下子）刮跑、刮走；花光、化为乌有
ぶつぶつ,ぶつぶつ,副，名,抱怨、牢骚；许多颗粒状物、许多疙瘩
ふてくされる,ふてくされる,自下一,（因不满）怄气、闹情绪
ふてぶてしい,ふてぶてしい,形,毫不客气、目中无人、厚脸皮
太い,ふとい,形,粗、胖、肥；（声音）粗；脸皮厚、厚颜无耻
ふとう,ふとう,名，形動,不当、不得当
不届き,ふとどき,名，形動,不周到；没有礼貌、不讲理
太る，肥る,ふとる,自五,胖；增多
腑抜け,ふぬけ,名，サ変,没出息、窝囊废
踏まえる,ふまえる,他下一,踏、踩；根据、立足于……
踏み切り,ふみきり,名,（铁道的）道口；起跳、起跳点；下决心；（相扑）脚踩出圈外
踏み切る,ふみきる,他五,起跳、起跳点；下决心；（相扑）脚踩出圈外
踏み込む,ふみこむ,自他五,陷入；深入；强行进入；踩进去
踏み台,ふみだい,名,脚登儿；垫脚石
踏み出す,ふみだす,他五,迈出；开始、着手
踏みにじる,ふみにじる,他五,践踏；伤害（名誉）
踏み外す,ふみはずす,他五,踩空；不务正业、失足
踏む,ふむ,他五,踏、踩；履行；经历过、经验过；评价、估价；押（韵）
不向き,ふむき,名，形動,不合适、不相称
増やす，殖やす,ふやす,他五,增加
不行き届き,ふゆきとどき,名，形動,不周到、疏忽、不严格
付与，附よ,ふよ,名，サ変,授予、给予
ぶよぶよ,ぶよぶよ,副，形動，サ変,柔软、虚胖
ぶら下がる,ぶらさがる,自五,悬、吊垂；眼看到手；抓住
ぶら下げる,ぶらさげる,他下一,悬挂、提
ふらつく,ふらつく,自五,不稳、蹒跚；（心情）游移不定；溜达、闲逛
ぶらつく,ぶらつく,自五,摇晃、晃荡；信步而行、溜达
ふらふら,ふらふら,副，形動，サ変,摇晃、晃荡；糊里糊涂；犹豫不定；累得东倒西歪的样子
ぶらぶら,ぶらぶら,副，サ変,晃荡、摇晃；溜达；赋闲、闲呆着
ふらり(と),ふらり(と),副,突然；信步而行
振り,ふり,名，接尾,样子、打扮；假装；陌生、不速（之客）；（舞蹈的）动作、姿势；抡（棒球的球棒、高尔夫球的球拍）的动作；（接尾）把、口
振り当てる,ふりあてる,他下一,分配、分派
振り替え,ふりかえ,名,调换；邮政转帐（的略称）；转帐
振り替える,ふりかえる,他下一,调换；转帐
振り返る,ふりかえる,他五,回头看、向后看；回顾
振り仮名,ふりがな,名,注在汉字旁边表示该字读法的日文假名
振り切る,ふりきる,他五,甩开、挣脱；（使劲）挥、抡；断然拒绝
振り込む,ふりこむ,他五,存款、转帐
降りしきる,ふりしきる,自五,（雨、雪）一个劲地下
振りまく,ふりまく,他五,撒、散布
振り向く,ふりむく,自五,回头看；理睬、关心
振り向ける,ふりむける,他下一,转向后边；用在……上
降る,ふる,自五,（雨、雪等）下、降
振る,ふる,他五,挥、摇；撒；分配、分派、附上；拒绝；甩、抛弃、不参加；放弃、丢掉；开（汇票、支票）
古い,ふるい,形,旧、老、不新鲜；陈旧、过时
振う，揮う,ふるう,自他五,挥动；发挥、显示
奮う,ふるう,自五,鼓起、振奋；积极、踊跃；兴旺、兴隆
震う,ふるう,自五,震动
篩う,ふるう,他五,筛、筛选；选拔
震える,ふるえる,自下一,震动；发抖、哆嗦、颤抖
古臭い,ふるくさい,形,陈旧、过时
ぶるぶる,ぶるぶる,副，サ変,哆嗦、发抖
古ぼける,ふるぼける,自下一,褪色、陈旧
振る舞い,ふるまい,名,动作、举止；顷刻、设宴招待
振舞う,ふるまう,自他五,行动、动作；款待、请客
古めかしい,ふるめかしい,形,古老、陈旧
触れ合う,ふれあう,自五,互相挨着；接触
触れる,ふれる,自他下一,碰、触；（耳、目）感觉到；涉及、触及；抵触、违反；通知、告知
振れる,ふれる,自下一,摇摆、颤动
ふわふわ,ふわふわ,副，サ変,暄腾腾；轻飘飘；不沉着、浮躁
ふわりと,ふわりと,副,轻轻地；微微飘动、轻微摆动
踏ん切り,ふんぎり,名,决断、下决心
扮する,ふんする,サ変,装扮、假装；扮演
ふんだくる,ふんだくる,他五,抢夺、硬强；（贪图暴利）敲竹杠
ふんだん,ふんだん,形動,很多
踏ん張る,ふんばる,自五,叉开双脚使劲站住；坚持、不屈服
ふんわり,ふんわり,副，サ変,轻柔、轻软
へこたれる,へこたれる,自下一,气馁、泄气；筋疲力尽
ぺこぺこ,ぺこぺこ,副，サ変，形動,点头哈腰、谄媚；非常饿；瘪
凹む,へこむ,自五,凹下、洼下、瘪；服输、屈服；亏空、减少
べそ,べそ,名,要哭的面孔
臍繰り,へそくり,名,私房钱
べた,べた,形動，名,全部；（接在动词的名词形式之前）满是、全是
隔たり,へだたり,名,间隔、差距、不同、（关系）疏远
べたつく,べたつく,自五,发粘；（与异性）纠缠、撒娇
隔てる,へだてる,他下一,相隔；隔开、遮挡；使疏远
へたばる　,へたばる　,自五,累垮；气馁、沮丧
へたへた,へたへた,副,累得支撑不住
べたべた,べたべた,副，サ変,粘糊糊地；贴满、涂满；缠着人（撒娇）
へたり込む,へたりこむ,自五,累得一屁股坐下
べたりと,べたりと,副,粘上；（精疲力尽地）坐下
べったり,べったり,副，サ変,粘住；纠缠、缠住；累得一屁股坐下的样子
別に,べつに,副,特别（下接否定式）
諂う,へつらう,他五,阿谀奉承
へなへな,へなへな,副，サ変,柔软的，易弯的；懦弱
へばりつく,へばりつく,自五,依附、粘土
へばる,へばる,自五,疲惫不堪
へべれけ,へべれけ,形動,大醉
へぼ,へぼ,名，形動,（技术）不高明；（果实）结得不好、没长好
へま,へま,名，形動,蠢笨、失败
減らす,へらす,他五,减少
減らず口,へらずぐち,名,嘴硬、强词夺理
へらへら,へらへら,副,傻笑；多嘴多舌
ぺらぺら,ぺらぺら,副，サ変,（外语）说得流利、嘴快；很薄、薄脆；连续翻纸张
謙る，遜る,へりくだる,自五,谦恭
経る,へる,自下一,时间经过；通过（场所）；经历（过程）
減る,へる,自五,减少；（后接否定）畏怯；肚子饿
ぺろり,ぺろり,副,伸舌；立刻吃光
偏する,へんする,サ変,偏向、偏颇、偏激
弁ずる,べんずる,サ変,结束、办完；辨别；处理
弁ずる,べんずる,サ変,说明、申诉；辩护
ぽい,ぽい,接尾,有点儿；容易
坊さん,ぼうさん,名,和尚（亲切的称呼）
報じる,ほうじる,自他上一,报（答）；告知
奉じる,ほうじる,他上一,奉上；信奉
焙じる,ほうじる,他上一,烘、培
放っておく,ほうっておく,他五,放置、不加以处理
葬る,ほうむる,他五,埋葬；忘却、弃而不顾
坊や,ぼうや,名,男孩；未经世事的人
棒読み,ぼうよみ,名，サ変,照本宣科、呆板的读
放り出す,ほうりだす,他五,扔出；丢开、（中途）放弃；置之不管；开除
放る，抛る,ほうる,他五,扔给；放弃
吠える，吼える,ほえる,自下一,（狗、野兽）吠、吼；哭喊、叫嚷
頬被り,ほおかぶり,名，サ変,（用毛巾）包住头和脸；假装不知
暈す,ぼかす,他五,使颜色浓淡的界线不清；冲淡、使含糊
ぽかぽか,ぽかぽか,副，サ変,暖和的；（连续击打）噼啪
朗らか,ほがらか,形動,晴朗；舒畅、快活；（性格）开朗
ぽかんと,ぽかんと,副，サ変,（敲打声）啪地一声；口张开貌、发呆貌
解す,ほぐす,他五,解开；消除（紧张等）
解れる,ほぐれる,自下一,解开；消除（紧张等）、（心情）舒畅
惚け，呆け,ぼけ,名,变傻、变迟钝（的人）
惚ける,ぼける,自下一,脑子、反映变迟钝，糊涂
惚ける，暈ける,ぼける,自下一,模糊
誇らしい,ほこらしい,形,自豪的、得意的
誇り,ほこり,名,自豪、荣誉；自尊心
誇る,ほこる,自五,自豪、夸耀
綻びる,ほころびる,自上一,绽线；（花蕾）绽开；（忍不住要）笑
欲しい,ほしい,形,希望得到；希望、要求
ほじくる,ほじくる,他五,抠、挖；揭底、刨根问底
干す，乾す,ほす,他五,晒、晾、烤；把（水池等的）水放掉；喝干；不给工作
細い,ほそい,形,细、狭窄；（力量、数目等）少、微弱；饭量少；声音低而细
ぼそぼそ,ぼそぼそ,副，形動，サ変,叽叽咕咕；干巴巴的
細める,ほそめる,他下一,使细；使小
絆される,ほだされる,自下一,（被人情、爱情等）束缚、纠缠
欲する,ほっする,サ変,希望；想要得到
没する,ぼっする,サ変,沉没；去世；隐没；没收
ほっそり,ほっそり,副,苗条
ほったらかす,ほったらかす,他五,弃置不顾
坊ちゃん,ぼっちゃん,名,（称他人的男孩）你儿子；少爷、娇生惯养的人
頬っぺた,ほっぺた,名,脸颊；非常好吃
ぽつぽつ,ぽつぽつ,副，名,小窟窿；渐渐、慢慢；小点、小疙瘩
ぽつり,ぽつり,副,水滴落貌；出现小洞、小点的样子；话很少的样子；孤零零
火照る,ほてる,自五,脸、身体发热
解く,ほどく,他五,解开
施す,ほどこす,他五,给与；进行；加上；在众人面前显示
程なく,ほどなく,副,不一会儿、不久
迸る,ほとばしる,自五,进出、涌出
ほとほと,ほとほと,副,实在、太
程よい,ほどよい,形,适当
殆ど,ほとんど,副，名,几乎；大概、大体上
骨惜しみ,ほねおしみ,名，サ変,不肯吃苦、懒惰
骨折り,ほねおり,名,不辞劳苦、努力
骨組み,ほねぐみ,名,骨骼、骨架
仄か,ほのか,形動,略微、隐约
ほの暗い,ほのぐらい,形,微暗
仄めかす,ほのめかす,他五,稍微透露、暗示
微笑ましい,ほほえましい,形,有趣的、快乐的
微笑む,ほほえむ,自五,微笑；（花）初放
褒める，誉める,ほめる,他下一,称赞
ぼやく,ぼやく,他五,嘟囔、唠叨
ぼやける,ぼやける,自下一,模糊
ほやほや,ほやほや,名，形動,热乎乎、软乎乎；不久
ほら,ほら,感動,喂！瞧！
掘り炬燵,ほりごたつ,名,（为取暖挖的）地炉
彫り物,ほりもの,名,雕刻；文身
掘る,ほる,他五,挖、掘；挖出、发掘
彫る,ほる,他五,雕刻
惚れ込む,ほれこむ,自五,看中、迷恋
惚れ惚れ,ほれぼれ,副，サ変,迷恋、沉醉
惚れる,ほれる,自下一,迷恋、沉醉、信服；出神
ほろ苦い,ほろにがい,形,味稍苦的
滅びる，亡びる,ほろびる,自上一,灭亡；灭绝
滅ぼす,ほろぼす,他五,使灭亡；使破灭
ほろほろ,ほろほろ,副,花、叶悄悄落下的样子；黯然落泪状；野鸡等的叫声
ぼろぼろ,ぼろぼろ,形動，副,破烂不堪；纷纷落下的样子；一颗颗滚下；渐渐出现；疲惫的样子
ぼろ儲け,ぼろもうけ,名，サ変,发横财
ほろ酔い,ほろよい,名,微醉
ほろり,ほろり,副,滚落状；微醉貌
盆暮れ,ぼんくれ,名,盂兰盆节与岁末；（盂兰盆节与岁末的）礼品
ほんのり,ほんのり,名,微微、稍微
ぼんやり,ぼんやり,副，名，サ変,隐隐约约、模糊；心不在焉、没有精神；发呆；呆子
舞い込む,まいこむ,自五,飞进、飘进；出乎意外的到来、进来
参る,まいる,自五,（谦逊语）来、去；参拜；投降、折服；变弱、累垮；迷恋
舞う,まう,自五,舞蹈；飞舞
前売り,まえうり,名,预先售票
前置き,まえおき,名，サ変,前言、开场白
前払い,まえばらい,名，サ変,预付、先付款
前触れ,まえぶれ,名,预告；先兆
前向き,まえむき,名,朝前；积极、进步
前もって,まえもって,副,事先
紛い物,まがいもの,名,赝品、伪造品
負かす,まかす,他五,打败、战胜
任せる,まかせる,他下一,委托、托付；任凭、听由
賄い,まかない,名,供给伙食（的人）
賄う,まかなう,他五,供给（伙食等）；筹措、维持、处置
間借り,まがり,名，サ変,租用房间
罷り出る,まかりでる,自下一,（从贵人面前）退下；前去；厚着脸皮到人前去
罷り通る,まかりとおる,自五,大模大样地通过；（不好的行为）通行、通用
曲がる,まがる,自五,弯曲、倾斜；拐弯；（心眼、行为）不正
巻き込む,まきこむ,他五,卷入、卷进；牵连、连累
巻添え,まきぞえ,名,株连、连累
紛らす,まぎらす,他五,掩饰、岔开；消除
紛らわしい,まぎらわしい,形,不易分辨的、含糊的
紛れ込む,まぎれこむ,自五,混入、混进
紛れもない,まぎれもない,連語,毋庸置疑
紛れる,まぎれる,自下一,混入；（由于忙碌等）忘记、（注意力）分散
巻く,まく,自他五,绕上，包上；围起；卷起；使打漩儿；拧、上（发条）；打卷儿
撒く,まく,他五,撒、散布；甩掉（跟踪者等）
蒔く，播く,まく,他五,播（种）
捲る,まくる,他五，接尾,卷起；拼命地、激烈地
負け惜しみ,まけおしみ,名,不认输、不服输
負け嫌い,まけぎらい,名，形動,不认输、不服输（的人）
負ける,まける,自他下一,输、败；屈服于、败愈；（对漆、药物等）过敏、起斑疹；让价、减价
曲げる,まげる,他下一,弯曲；歪曲；押当；放弃、改变
負けん気,まけんき,名,争强好胜的性格
まごつく,まごつく,自五,张皇失措；徘徊
誠に，真に,まことに,副,的确、实在
まごまご,まごまご,副，サ変,打转转、惊慌失措
まさか,まさか,名，副,万一、一旦；以备万一；决（不……）、万万（想不到……）；难以置信
正しく,まさしく,副,确实
正に,まさに,副,的确；马上、即将
まざまざ,まざまざ,副,历历在目
増さる,まさる,自五,增加
"勝る,優る",まさる,自五,优越、胜过
交ざる，混ざる，雑ざる,まざる,自五,掺杂，混杂
増し,まし,名，形動,增加、增多；胜过、强于
交える,まじえる,他下一,夹杂；交叉；交换、交
況して,まして,副,何况、况且
呪い,まじない,名,符咒、咒语
まじまじ,まじまじ,副,目不转睛地、盯着
交じる，混じる，雑じる,まじる,自五,混、夹杂
交わる,まじわる,自五,交叉；交际
増す，益す,ます,自他五,增加、增多；加剧、更甚；增加
先ず,まず,副,最初；总之、姑且；大概
不味い,まずい,形,难吃的；笨拙；难看的、丑；不妙、不适合
貧しい,まずしい,形,贫穷；贫乏
先ず先ず,まずまず,副,好歹、总算、还过得去；总之
老成る,ませる,自下一,老成、早熟
交ぜる，混ぜる,まぜる,他下一,掺入；搅拌；加入
未だ,まだ,副,还、尚；另外、更加；还算；才、不过
跨る,またがる,自五,跨、骑；横跨、连续
跨ぐ,またぐ,他五,跨过、迈过
瞬く,またたく,自五,眨眼；眨眼之间；闪烁
又な,またな,接続,或是
未だ未だ,まだまだ,副,还、仍；更
待ち合わせる,まちあわせる,他下一,等候会面
間違い,まちがい,名,错误；差错、事故
間違う,まちがう,自他五,弄错
間違える,まちがえる,他下一,弄错、搞错
待ち兼ねる,まちかねる,他下一,焦急地等待
待ち望む,まちのぞむ,他五,期盼
待ち惚け,まちぼうけ,名,白等
真っ,まっ,接頭,真、正
待つ,まつ,他五,等待；期待、指望
真っ赤,まっか,名，形動,赤红；纯粹、完全
松飾り,まつかざり,名,新年装饰正门的松枝
真っ暗,まっくら,名，形動,漆黑；（前途等）一片黯淡
真っ黒,まっくろ,名，形動,乌黑
まっしぐら,まっしぐら,副,勇往直前、猛进
真っ白,まっしろ,名，形動,雪白
真っ直ぐ,まっすぐ,名，形動,笔直；照直；正直
全く,まったく,副,完全；一点儿也（不）；实在
真っ直中,まっただなか,名,正中间；最盛的时候
真っ平,まっぴら,副,断然拒绝、绝对不干
祭り,まつり,名,祭奠、祭祀；各种庆祝活动、节日
祭る,まつる,他五,祭祀；供奉
纏わる,まつわる　,自五,缠绕、围绕；关联
纏う,まとう,他五,缠绕、穿上
惑う,まどう,自五,困惑
纏まる,まとまる,自五,集中、归纳；统一、一致；解决、谈妥
纏める,まとめる,他下一,汇集、汇总；整理；解决、议定
惑わす,まどわす,他五,蛊惑、扰乱；迷惑
眼差し,まなざし,名,眼神、视线
学ぶ,まなぶ,他五,学习（技能等）；向某人学习
間に合う,まにあう,自五,赶上、来得及；够用、足够
免れる,まぬかれる,他下一,避免、摆脱
間抜け,まぬけ,名，形動,愚蠢、糊涂（的人）
招く,まねく,他五,招呼；邀请；招致、引起
真似る,まねる,他下一,模仿、仿效
目の当たり,まのあたり,副,直接、亲眼
瞬き,まばたき,名，サ変,眨眼
目映い，眩い,まばゆい,形,耀眼的；（美丽得）眩目、光彩夺目；相形见拙
疎ら,まばら,形動,稀疏
間引く,まびく,他五,间苗；使有间隔
眩しい,まぶしい,形,晃眼；光彩夺目
まま,まま,名,原封不动、照旧；任由、随心所欲、任凭
まま親,ままおや,名,继父母、养父母
塗れ,まみれ,接尾,浑身
塗れる,まみれる,自下一,满身都是
豆撒き,まめまき,名,撒豆；立春前夕撒豆祛邪
まめまめしい,まめまめしい,形,踏实、勤恳
守り，護り,まもり,名,守卫；守护神；护身符
守る，護る,まもる,他五,保卫、守备；保守、保持；遵守
迷う,まよう,自五,迷失（方向）；困惑；迷恋、沉迷；（佛教用语）执迷、（死者）没能成佛
魔除け,まよけ,名,辟邪、避邪物
迷わす,まよわす,他五,蛊惑、迷惑
丸い，円い,まるい,形,圆形的、球形的；弯曲；圆滑、圆满
丸きり,まるきり,副,（接否定）全然、完全
丸ごと,まるごと,副,整个儿、全部
丸出し,まるだし,名,全部露出、毫不掩饰
丸で,まるで,副,好像；（下接否定）完全、简直
丸まる,まるまる,自五,变圆
丸み,まるみ,名,圆形；圆满
丸める,まるめる,他下一,弄圆；剃头；拉拢
円やか,まろやか,形動,圆圆的；（味道）醇厚、（性格）沉稳
回し者,まわしもの,名,间谍
回す，廻す,まわす,他五,旋转；围绕；（依次）传递；想尽办法；转、调职
回り,まわり,名，接尾,旋转；周围；巡回、巡访；蔓延、扩展；绕过、经过；圈数；（比较大小、容量的）圈
回りくどい,まわりくどい,形,拐弯抹角
回り遠い,まわりどおい,形,绕远；拐弯抹角
回り道,まわりみち,名,绕道、弯路
回る，廻る,まわる,自五,转、旋转；绕着、沿着；巡视；（依次）传递；绕弯；迂回；（在体内）发作；（动作等）灵活、灵敏；（时间）过了；周到、彻底
万引き,まんびき,名，サ変,在商店等场所行窃的人
まんまと,まんまと,副,巧妙地、漂亮地
真ん丸,まんまる,名，形動,圆溜溜
見合い,みあい,名,相抵、相亲
見合う,みあう,自他五,对着看；均匀、相抵
見上げる,みあげる,他下一,仰望；景仰
見合わせる,みあわせる,他下一,互看；对照；暂停、推迟；取消
見入る，魅入る,みいる,自他五,凝视、看得出神；鬼怪附体
見受ける,みうける,他下一,看起来；看到
身動き,みうごき,名,动弹身体；形動
見失う,みうしなう,他五,迷失；看不见
見え隠れ,みえがくれ,名，サ変,忽隐忽现
見栄っ張り,みえっぱり,名，形動,追求虚荣的人
見え見え,みえみえ,形動,显然、明显
見える,みえる,自下一,看得见；显出、显得；（敬）光临；看样子好象、似乎
見送る,みおくる,他五,送行；静观、等待下次（机会）
見落とす,みおとす,他五,忽略过去
見劣り,みおとり,名，サ変,逊色、相形见拙
見下ろす,みおろす,他五,俯瞰；轻视
見限る,みかぎる,他五,放弃、断念
磨く，研く,みがく,他五,磨光；苦练、提高（修养）
見掛け,みかけ,名,外表
見かける,みかける,他下一,见到
見切り,みきり,名,断念、放弃
見切る,みきる,他五,看完；断念、廉价甩卖
見下す,みくだす,他五,看不起
見縊る,みくびる,他五,轻视
見苦しい,みぐるしい,形,难看的、丢脸的
身ぐるみ,みぐるみ,名,（身上）所有衣服
見越す,みこす,他五,预料、预测
見込み,みこみ,名,希望、前途
見込む,みこむ,他五,期待、信赖；缠身；估计在内、计算在内
身ごもる，妊る,みごもる,自五,怀孕
見下げる,みさげる,他下一,蔑视
見定める,みさだめる,他下一,看准、认准
短い,みじかい,形,短；时间短暂
惨め,みじめ,形動,悲惨、凄惨
身知らず,みしらず,名，形動,不自量
見知る,みしる,他五,见过、认识
水揚げ,みずあげ,名，サ変,（船）卸货；收入；让花草吸收水分
水入らず,みずいらず,連語,无外人
見据える,みすえる,他下一,定睛而视；看准
水掻き，蹼,みずかき,名,蹼
見透かす,みすかす,他五,看透、看穿
自ら,みずから,名，副,自身；亲自
水臭い,みずくさい,形,水多味不浓；见外、生分
見過ごす,みすごす,他五,视而不见；漏看、看漏
水差し,みずさし,名,水壶、水罐
見ず知らず,みずしらず,連語,素昧平生
水っぽい,みずっぽい,形,水分多而味淡
見捨てる,みすてる,他五,抛弃、不理睬
水の泡,みずのあわ,名,水泡；（努力）白费
みすぼらしい,みすぼらしい,形,寒碜、简陋
水増し,みずまし,名，サ変,掺水充数；虚报
瑞々しい,みずみずしい,形,娇嫩、新鲜
魅する,みする,サ変,吸引
水割り,みずわり,名，サ変,（往酒里）兑水
見せ掛ける,みせかける,他下一,假装
見せびらかす,みせびらかす,他五,炫耀、卖弄
見せる,みせる,他下一,出示、给看；呈现；装扮；让……看病；做给别人看（表示）决心和意志
見損なう,みそこなう,他五,看错；错过机会
見出し,みだし,名,索引；标题
満たす,みたす,他五,填满；；满足
乱す,みだす,他五,搅乱、弄乱；扰乱
見立てる,みたてる,他下一,挑选；诊断；比作、喻为
淫ら,みだら,形動,淫乱
乱れる,みだれる,自下一,混乱；不平静、不安定
見違える,みちがえる,他下一,认不出来
満ち欠け,みちかけ,名,（月的）盈亏
満ち足りる,みちたりる,自上一,满意
導く,みちびく,他五,领进；指导；导致；得出（结论）
満ちる,みちる,自上一,充满；涨潮；满月；到期
見付かる,みつかる,自五,被发现；找到、看见
貢ぐ,みつぐ,他五,进贡；交钱给
見付ける,みつける,他下一,看惯；找到
三つ子,みつご,名,三胞胎；三岁小孩
三つ,みっつ,名,三个；三岁
みっともない,みっともない,形,丑陋的、丢人的
見詰める,みつめる,他下一,注视
見積もり,みつもり,名,估计、估量
見積もる,みつもる,他五,估量；估算
見通し,みとおし,名,瞭望、眺望；预测、远见
見通す,みとおす,他五,看完；望得远；预测、看透
見咎める,みとがめる,他下一,查问
見届ける,みとどける,他下一,看到（最后）
認める,みとめる,他下一,看到；判定、认为；承认；赏识
見取る,みとる,他五,看准、看清；护理病人
見惚れる,みとれる,自下一,看得入迷
見直す,みなおす,自他五,（景色）好转；重看；重新认识
漲る,みなぎる,自五,（水）涨满；充满、洋溢
見なす,みなす,他五,看作、认为；（姑且）当作
見習う,みならう,他五,学习、见习
見慣れる,みなれる,自下一,看惯、眼熟
醜い,みにくい,形,丑陋；（容颜）难看
見抜く,みぬく,他五,看穿、认清、识透
身の上,みのうえ,名,身世；命运
見逃す,みのがす,他五,饶恕、宽恕；看漏；错过
身の程,みのほど,名,（自己的）身份、才能
実り,みのり,名,结果实；收成；成绩、成果
実る,みのる,自五,成熟；有成绩
見栄え,みばえ,名,外表美观、漂亮
見計らう,みはからえ,他五,斟酌、看着办
見放す，見離す,みはなす,他五,抛弃、放弃
見晴らす,みはらす,他五,远眺、遥望
見張る,みはる,他五,张大眼睛看；看守、监视
身振り,みぶり,名,姿态、姿势
身震い,みぶるい,名，サ変,发抖
見舞う,みまう,他五,探望；遭受（不幸等）
見守る,みまもる,他五,注视；关怀；关注
見回す,みまわす,他五,环视
見回る,みまわる,自五,巡视
みみっちい,みみっちい,形,小气、吝啬
耳鳴り,みみなり,名,耳鸣
身悶え,みもだえ,名，サ変,因痛苦而扭动身体
身持ち,みもち,名,品行；怀孕
脈打つ,みゃくうつ,自五,脉搏跳动；脉动
雅やか,みやびやか,形動,风雅
見破る,みやぶる,他五,识破
宮参り,みやまいり,名，サ変,参拜神社；带着生后100天的孩子初次参拜出生地的守护神
見遣る,みやる,他五,远眺
身寄り,みより,名,亲属
見る,みる,他上一,看；判断；经历；吃亏、上当；观察；照料；试试看；一见；既然；一看
診る,みる,他上一,看病
見る見る,みるみる,副,眼看着
未練がましい,みれんがましい,形,恋恋不舍的、不干脆的
見分ける,みわける,他下一,区分、识别
見渡す,みわたす,他五,远望；纵视
向かい,むかい,名,对面、对过
向かい合う,むかいあう,自五,相对、面对面
向かう,むかう,自五,面向、朝着；对、向；往、去；趋向、接近；对抗、反抗
迎える,むかえる,他下一,迎接；（时期）来临、迎来；接、邀请；迎合
昔馴染み,むかしなじみ,名,旧相识、老朋友
むかつく,むかつく,自五,反胃、恶心、要吐；升起、发怒
向き,むき,名,方向；核实；某一方面的人、人们
向き合う,むきあう,自五,相对、面对面
剥き出し,むきだし,名，形動,露出、剥开；不加掩饰、露骨
向く,むく,自五,向、朝；面向、适合；趋向
剥く,むく,他五,剥、削
報いる,むくいる,他上一,报答；报复、报仇
浮腫む,むくむ,自五,浮肿、虚肿
向ける,むける,他下一,朝、向；为了；派遣、打发；挪用、拨为、用于
剥ける,むける,自下一,剥落、脱落
惨い，酷い,むごい,形,凄惨的、悲惨的；残酷、狠毒
向こう,むこう,名,那边、前方；目的地；对面、；另一边；今后、从现在起；对方
向こう見ず,むこうみず,名，形動,冒失、莽撞、鲁莽
惨たらしい,むごたらしい,形,悲惨、凄惨、残酷
むさくるしい,むさくるしい,形,乱糟糟、肮脏、邋遢
貪る,むさぼる,他五,贪婪
蒸し暑い,むしあつい,形,闷热
蝕む,むしばむ,他五,虫蛀、侵蚀、腐蚀
むしゃくしゃ,むしゃくしゃ,副，サ変,烦闷、乱糟糟、心烦意乱
無性に,むしょうに,副,非常、特别
毟り取る,むしりとる,他五,拔掉、夺取
毟る,むしる,他五,揪、拔、撕
寧ろ,むしろ,副,宁可、莫如、与其……不如……
蒸す,むす,自他五,闷热；蒸
難しい,むずかしい,形,困难、难解决；繁琐；不高兴；好挑剔的、不易相处的
むず痒い,むずがゆい,形,刺痒的
結び付く,むすびつく,自五,相结合；相互关联
結び付ける,むすびつける,他下一,拴上、系上；连接、结合
結ぶ,むすぶ,他五,系、连接、缔结；产生（结果）、凝结
むずむず,むずむず,副，サ変,发痒的样子；急不可待、跃跃欲试
噎せ返る,むせかえる,自五,呛得慌；抽抽嗒嗒的哭、抽泣
噎び泣く,むせびなく,自五,抽泣
咽ぶ，噎ぶ,むせぶ,自五,呛、噎；抽噎、抽泣
噎せる,むせる,自下一,呛、噎
鞭打つ,むちうつ,自他五,鞭打；鞭策、激励
六つ,むっつ,名,六个、六岁
むっつり,むっつり,副，サ変,绷着脸、沉默寡言
睦まじい,むつまじい,形,和睦、亲密、要好
胸苦しい,むなぐるしい,形,胸口堵得慌、沉闷的
空しい，虚しい,むなしい,形,空虚的；徒然、白白地
群がる,むらがる,自五,群聚、群集
蒸らす,むらす,他五,焖、使之蒸透
むらむら,むらむら,副，サ変,不由地，忽地
無理遣り,むりやり,副,硬、强迫、强逼
群れる,むれる,自下一,群聚、群集
蒸れる,むれる,自下一,蒸透、闷透、蒸熟；（热气）笼罩、闷热潮湿
目新しい,めあたらしい,形,新颖、新奇、不常见
目当て,めあて,名,目标；企图、打算、指望
命じる,めいじる,サ変,命令；任命；命名
銘じる,めいじる,サ変,铭刻于心、铭记
滅入る,めいる,自五,沮丧、郁闷、消沉
粧し込む,めかしこむ,自五,打扮得漂漂亮亮
めかす,めかす,接尾，自五,装作……样子；打扮
恵まれる,めぐまれる,自下一,（蒙受）幸运、赋予、富有
芽ぐむ，萌む,めぐむ,自五,发芽
恵む,めぐむ,他五,怜悯、同情；施舍、救济
巡らす,めぐらす,他五,转动、扭动；扭头；包围；动脑筋、筹谋
巡り合い,めぐりあい,名,意外相逢、邂逅
捲る,めくる,他五,翻开、掀开；扯下、撕
巡る,めぐる,自五,转、旋转；环绕、围绕；循环、轮回；到处走走、巡游
めげる,めげる,自下一,屈服；颓废
目指す,めざす,他五,瞄准；以……为目标；想得到的东西
目覚しい,めざましい,形,惊人、异常显著
目覚める,めざめる,自下一,睡醒、睁眼；觉悟、醒悟；认识到
目障り,めざわり,名，形動,碍眼、挡眼；刺眼、不顺眼
召し上がる,めしあがる,他五,（敬）请吃、请喝
召し使う,めしつかう,他五,使唤、使用（仆人）
召す,めす,他五,[呼び寄せる][招く]的敬语
珍しい,めずらしい,形,罕见；珍奇；新颖、新奇；珍贵
めそめそ,めそめそ,副，サ変,抽泣、啜泣
目立つ,めだつ,自五,显眼、显著；超群的
目付き,めつき,名,目光、眼神
めっきり,めっきり,副,突然、明显、急剧
目出度い,めでたい,形,可喜、可贺的；头脑简单、愚蠢的；很好；幸运、顺利
愛でる,めでる,他下一,热爱；赞赏、欣赏
娶る,めとる,他五,娶妻
目抜き,めぬき,名,显眼
目の前,めのまえ,名,眼前、面前；不久、眼看着
芽生える,めばえる,自下一,发芽；萌生、萌芽
芽吹く,めぶく,自五,冒芽、吐芽
目まぐるしい,めまぐるしい,形,瞬息万变、令人眼花缭乱的
女々しい,めめしい,形,懦弱的、女人气、不争气
目盛り,めもり,名,计算器上的刻度
面食い,めんくい,名,以貌取人、挑长相
面喰う,めんくらう,自五,惊慌失措、不知所措
面する,めんする,サ変,面向、面对；面临、直对
免ずる,めんずる,サ変,免除、免去；看在……的份上、看在……的情面上；解职
面倒くさい,めんどうくさい,形,非常费事、极其麻烦
儲かる,もうかる,自五,得利、赚钱；得便宜、拣便宜
設ける,もうける,他下一,预备、准备；设立、建立、制定
儲ける,もうける,他下一,得利、赚钱；生、得；占便宜、拣便宜
申し上げる,もうしあげる,他下一,“说”的谦让语；“做”的谦让语
申し合わせる,もうしあわせる,他下一,商定、商量、协商
申し入れる,もうしいれる,他下一,表明、提出（要求等）
申し込む,もうしこむ,他五,提议、提出；预约；申请、报名
申し立てる,もうしたてる,他下一,申诉、陈诉
申し付ける,もうしつける,他下一,命令、吩咐、指示
申し出る,もうしでる,他下一,提议、建议、提出
申し分,もうしぶん,名,缺点、欠缺
申し訳,もうしわけ,名,辩解、申辩；（只是形式上的）敷衍
申す,もうす,他五,（谦语）说、讲、告诉、叫做
詣でる,もうでる,自下一,参拜
燃え上がる,もえあがる,自五,燃烧起来
燃える,もえる,自下一,燃烧、着火；火红；热情洋溢
萌える,もえる,自下一,发芽、萌芽
踠く,もがく,自五,挣扎、翻滚；焦急
捥取る,もぎとる,他五,摘、扭、拧掉；夺取
潜る,もぐる,自五,潜入水中；钻进、钻入；隐藏
目論む,もくろむ,他五,企图、图谋、策划、筹划
若し,もし,副,如果、万一
若しくは,もしくは,接続,或、或者
若しも,もしも,副,假使、万一
もしもし,もしもし,感,（打招呼适用语）唉；（电话用语）喂喂
悶える,もだえる,自下一,痛苦、挣扎；苦闷、苦恼
擡げる,もたげる,他下一,拿起、举起；抬头、得势
もたもた,もたもた,副，サ変,态度不明朗、行动缓慢、慢腾腾
齎す,もたらす,他五,带来；引起
凭れる,もたれる,自下一,凭靠、倚靠；积食、不消化
持ち味,もちあじ,名,原有味道；独特风味
用いる,もちいる,他上一,使用、采用、采纳；任用、录取
持ち出す,もちだす,他五,拿出来；提出、谈及；掏腰包、分担
持つ,もつ,自他五,持、拿；携带；拥有；具有；怀有、抱有；承担；担负；支持、维持
勿体無い,もったいない,形,可惜、浪费；过分的；不胜惶恐
以て,もって,連語，接続,用、以；因为；到；因此；而且、并且
持って来い,もってこい,連語，名,恰好、最理想的、再好不过
以ての外,もってのほか,連語,意外、没想到；岂有此理
もっと,もっと,副,更、更加
最も,もっとも,副,最、顶
尤も,もっとも,形動，接続,合乎情理、正确；虽然这么说
専ら,もっぱら,副,专门、一心；独揽
縺れる,もつれる,自下一,纠结、纠缠；不灵、不听使唤
弄ぶ,もてあぞぶ,他五,摆弄；玩赏；摆布、玩弄；操纵、玩忽
持て余す,もてあます,他五,无法对付、难以处理
もてなす,もてなす,他五,应酬、接待、款待，招待
持てる,もてる,自下一,有人缘、受欢迎
もどかしい,もどかしい,形,令人焦急、急不可待
戻す,もどす,他五,归还、退回；呕吐
基づく,もとづく,自五,基于、根据、按照；由于……而来
求む,もとむ,他五,寻找、招收
求める,もとめる,他下一,寻求、找；要求、征求；买、购买；想要、希望
元より,もとより,副,本来、当初、根本不用说、当然
戻る,もどる,自五,返回、折回；回到；退回、归还；恢复到原状态；回家
物言い,ものいい,名,措辞；异议、争论；相扑比赛中对胜负结果表示异议
物語る,ものがたる,他五,说话、做报告、说明；表明
物差し,ものさし,名,尺子、测量器；判断的标准、尺度
物知り,ものしり,名,知识渊博、见多识广的人
物凄い,ものすごい,形,可怕、恐怖；惊人、厉害、猛烈
物足りない,ものたりない,形,不能令人满足的、美中不足的
揉まれる,もまれる,自下一,互相拥挤
揉む,もむ,他五,揉、搓、捻；按摩、推拿；争辩、争论
揉め事,もめごと,名,纠纷、争执
揉める,もめる,自下一,发生争执、起纠纷
萌やし,もやし,名,豆芽菜
燃やす,もやす,他五,燃烧、烧；情绪高涨、燃气、激起
もやもや,もやもや,副，サ変，名,朦胧、模糊；不舒服、不舒畅；隔阂
催す,もよおす,他五,举办、主办、举行；感觉要
貰う,もらう,他五,领取、获得；收养孩子、娶媳妇；买；取得、得到、获得；被转移、被传染
洩らす,もらす,他五,露出、洒；掉落；泄密、透露；流露、发泄；遗漏；逃逸
漏らす,もらす,他五,遗漏、漏掉；泄露、走漏
盛り上がる,もりあがる,自五,鼓起、隆起；高涨起来、热烈；涌起、冒出
盛り上げる,もりあげる,他下一,堆积、堆起；使高涨
盛り込む,もりこむ,他五,加进、添加
盛る,もる,他五,盛满、堆起；盛、装入器皿；配药
漏る,もる,自五,漏
漏れる,もれる,自下一,漏出、透出；走漏、泄露；被淘汰、被除外；流露、说出
脆い,もろい,形,脆、易坏的；脆弱；心软、易动感情的；没有耐力
やおら,やおら,副,从容不迫地、不慌不忙
やがて,やがて,副,不久、马上；几乎、大约；结果、毕竟
喧しい,やかましい,形,吵闹、嘈杂；罗嗦，唠叨；严厉、严格；挑剔；议论纷纷
焼き,やき,名,烧、烤、火候；（刀刃）淬火
焼き付く,やきつく,自五,烧粘在一起；留下印象、铭刻
焼き鳥,やきとり,名,烤鸡肉串、烤鸡杂碎串
焼き払う,やきはらう,他五,烧尽、烧完、烧光
焼き物,やきもの,名,烤制食品；陶瓷器；淬火的刀剑
焼く,やく,他五,燃烧、焚；加热、烧红；烤制；烤；日光浴、晒黑；印相片；妒忌
やくざ,やくざ,名,黑社会成员、流氓；赌徒；废物
訳す,やくす,他五,翻译、译
役立つ,やくだつ,自五,起作用、有用、有效
役立てる,やくだてる,他下一,应用、供使用
焼ける,やける,自下一,燃烧、着火；烤制、烧成；晒、日光浴；变色；炽热；红霞；烧心
妬ける,やける,自下一,嫉妒、吃醋
易しい,やさしい,形,容易、简单、易懂
優しい,やさしい,形,温柔、柔和；和蔼、娴淑；殷切
養う,やしなう,他五,抚养、养育；养活、供养；饲养；收养（子女）；养成；养生、培养
安上がり,やすあがり,名，形動,省钱、俭省、廉价
安い,やすい,形,便宜、低廉、贱
易い,やすい,形，接尾,容易、简单；易……、容易……
安売り,やすうり,名，サ変,减价出售、贱卖；轻易接受、答应
安っぽい,やすっぽい,形,不值钱、便宜；庸俗、令人瞧不起、浅薄浮华
休まる,やすまる,自下一,心静、休息、安宁
休み,やすみ,名,休息；睡觉；休假；缺席、缺勤、请假；中断
休み休み,やすみやすみ,副,断断续续的、干一会儿歇一会儿
休む,やすむ,自他五,休息；睡觉；旷工、旷课、缺席、休假、请假；停歇、暂停
休める,やすめる,他下一,使身心得以放松；使……得以休息；使（农田）休耕
安らか,やすらか,形動,平稳、安稳；安乐、无忧无虑
安らぐ,やすらぐ,自五,安乐、安稳、舒畅
痩せ我慢,やせがまん,名，サ変,逞能、硬撑、硬着头皮做
痩せる,やせる,自下一,消瘦；土地贫瘠
八つ当たり,やつあたり,名，サ変,迁怒、乱发脾气
矢継ぎ早,やつぎばや,名，形動,一个接一个、连续不断
窶す,やつす,他五,化装、扮装
八つ,やっつ,名,八个、八岁
やっつける,やっつける,他一,干完、做完；（狠狠地）整一顿、教训、干掉；打败、击败
やって来る,やってくる,連語,“来る”的强调形
やっと,やっと,副,终于、好容易；勉强、好歹
奴ら,やつら,名,这些家伙、这些东西
窶れる,やつれる,自下一,消瘦、憔悴
雇う,やとう,他五,雇佣
宿す,やどす,他五,怀孕；留下、留住、种下；留宿、留住
宿る,やどる,自五,居住；住宿；存在、存有；寄生；怀孕；映照、映
やばい,やばい,形,危险
矢張り,やはり,副,同样、也；依旧、依然；果然；毕竟还是、终归还是
破る,やぶる,他五,撕破、弄破；搞坏、破坏；违反；打破、突破；打败
破れる,やぶれる,自下一,破裂；破损；失败、破灭；输、被打败
敗れる,やぶれる,自下一,败北、失败
野暮ったい,やぼったい,形,土气、俗气
山崩れ,やまくずれ,名,山崩
疚しい,やましい,形,内疚、愧疚
山の手,やまのて,名,山的附近；（特指东京地势高的）住宅区
病みつく,やみつく,自五,生病；入迷、狂热
止む,やむ,自五,停止、结束；停、罢休
病む,やむ,自他五,患病；忧虑、忧伤、烦恼
已む無く,やむなく,副,无可奈何、只好、不得不
止める,やめる,他下一,中止、取消、放弃、作罢
辞める,やめる,他下一,辞退、辞职、停（学）
ややこしい,ややこしい,形,复杂、麻烦
ややもすると,ややもすると,副,动不动就、动辄
遣り方,やりかた,名,做法、手段、方法
遣り切れない,やりきれない,形,干不完、完成不了；无法忍耐、受不了
遣りっ放し,やりっぱなし,名,工作没做完就放下不管
やり手,やりて,名,干将、能手；赠送者
遣り遂げる,やりとげる,他下一,完成、做完、干到底
やり直す,やりなおす,他五,重干、重做、另做
やり場,やりば,名,送去的地方、应放的地方
遣る,やる,他五,送、派去；挪至、放在；面向；进行；给与；发生、做；举办、上演；经营、从事；喝、吃；生活；表示为别人干；给……看
やる気,やるき,名,干劲
遣る瀬無い,やるせない,形,郁郁不乐、不开心
やれやれ,やれやれ,感,（表示放心、感动得语气）哎呀；（表示失望的语气）哎呀呀
柔らか,やわらか,形動,柔软；温和
柔らかい,やわらかい,形,不硬的；柔软的；温和、平易的；轻松、通俗；融通的
和らげる,やわらげる,他下一,使柔和、使缓和；使文章等通俗易懂
やんちゃ,やんちゃ,名，形動,调皮、任性、淘气
やんわり,やんわり,副，サ変,温和、柔和、委婉、柔软
湯上り,ゆあがり,名,刚洗完澡；大浴巾；浴衣
結う,ゆう,他五,系、结、捆扎；梳扎
夕暮れ,ゆうぐれ,名,傍晚、黄昏
夕涼み,ゆうすずみ,名，サ変,傍晚纳凉
有する,ゆうする,サ変,拥有
夕べ,ゆうべ,名,傍晚；晚会
夕焼け,ゆうやけ,名,火烧云、晚霞
歪む,ゆがむ,自五,歪斜；行为不正、歪
歪める,ゆがめる,他下一,扭歪、歪曲
行き当たる,ゆきあたる,自五,走到头；面对；无法进展
行き先,ゆきさき,名,目的地；所到的地方；将来
雪だるま,ゆきだるま,名,雪人
雪解け,ゆきどけ,名,雪融、化雪；（关系）缓和、解冻
行き届く,ゆきとどく,自五,周到、周密、无微不至
行き悩む,ゆきなやむ,自五,停止、艰难前进、难以进展
行く,ゆく,自五,去、往；送到；经过、离开；上学；长大；进展；进行
逝く,ゆく,自五,死去；流失
行く先,ゆくさき,名,目的地；将来、前途
濯ぐ,ゆすぐ,他五,洗濯、涮
揺すぶる,ゆすぶる,他五,晃动、震撼、摇动
譲る,ゆずる,他五,转让；出让；谦让、尊让；让步；延期
豊か,ゆたか,形動,富裕；丰富；悠然；足够、十足
委ねる,ゆだねる,他下一,委托；奉献、献身
ゆっくり,ゆっくり,副，サ変,慢慢；悠闲、充裕；迟迟；宽敞、舒服
ゆったり,ゆったり,副，サ変,宽敞、舒适；悠闲
茹でる,ゆでる,他下一,烫、煮、蒸
ゆとり,ゆとり,名,（指空间、时间、金钱、精神上的）宽裕、余裕
湯飲み,ゆのみ,名,茶碗
指折り,ゆびおり,名,屈指可数；掐指算来
指きり,ゆびきり,名，サ変,拉钩立誓
指差す,ゆびさす,他五,用手指向
夢にも,ゆめにも,副,做梦也没、万没……
夢見る,ゆめみる,自他上一,做梦；梦想、幻想
揺らぐ,ゆらぐ,自五,摇晃；动摇
ゆらりと,ゆらりと,副,轻轻摇晃、缓慢地
揺り動かす,ゆりうごかす,他五,使摇晃、使动摇、摇撼、震撼
緩い,ゆるい,形,不紧、松弛；缓、不陡；不急、缓慢；不坚硬；不严厉
揺るがす,ゆるがす,他五,震动、动摇；使受惊、使不安
許す,ゆるす,他五,豁免、饶恕；允许、准许；条件允许、容许；接受；信赖、托付；放松、松弛；让、放；公认、认可；免、免除
緩む,ゆるむ,自五,松懈；减缓；坡度缓的；解冻；松懈、缓和；行情跌价
緩める,ゆるめる,他下一,放松、松懈；放慢、减慢；坡度小；缓和、放宽
緩やか,ゆるやか,形動,缓慢、平缓；慢坡、坡度小；松懈
揺れる,ゆれる,自下一,摇晃、摇动；动荡；动摇
湯沸し,ゆわかし,名,烧水壶、水壶
良い,よい,名，接尾,好、优秀；美丽；恰好、适当；有益；令人满意；完成、充分；幸运；方便、没关系；关系好；希望；价格不菲；开心；用……（しよい）的形式表示简单、容易
よいしょ,よいしょ,感,用劲时发出的声音、呼嗨
酔いしれる,よいしれる,自下一,酩酊大醉；沉溺于
酔う,よう,自五,喝醉；晕车或船等；陶醉、入神
ようこそ,ようこそ,感,欢迎、热烈欢迎
要する,ようする,サ変,需要
要するに,ようするに,副,总而言之
用立てる,ようだてる,他下一,用、使用；借给、垫付
漸く,ようやく,副,总算、终于；渐渐地；好不容易、好歹
良かれ悪しかれ,よかれあしかれ,副,不管是好是坏、无论怎样、好歹
余儀ない,よぎない,形,无奈、不得已
よく,よく,副,充分、完全；做得好；太好了、真好；经常；居然、难为；竟敢
欲張る,よくばる,自五,贪得无厌、贪婪
よくよく,よくよく,副，形動,反复地、充分地；非常、特别；万不得已
避ける,よける,他下一,回避、躲避；防御、挡，避
横切る,よこぎる,他五,穿过、横穿
寄越す,よこす,他五,寄来、送过来；派人来
汚す,よごす,他五,弄脏；污染；贬低、侮辱
横好き,よこずき,名,对专业以外的事物很喜爱
横たわる,よこたわる,自五,横躺；摆着；横放、横亘
汚れ,よごれ,名,脏污、污垢；污点、不光彩的地方
汚れる,よごれる,自下一,弄脏；污染；不干净、玷污
よし,よし,感,好了；好
良し悪し,よしあし,名,好坏、善恶；有利有弊
よじ登る,よじのぼる,自五,攀登、攀援
捩る,よじる,他五,扭、弯曲
捩れる,よじれる,自下一,扭歪、拧
止す,よす,他五,停止、作罢
寄せ集め,よせあつめ,名,拼凑
寄せる,よせる,自他下一,使靠近；集中；加；赠送；接近、逼近；依靠；访问、拜访；借口、托故；寄予、寄托
装う,よそう,他五,装扮；盛水或饭等
装い,よそおい,名,打扮、服装；风情；装饰
装う,よそおう,他五,穿着、打扮；乔装、化妆
よそよそしい,よそよそしい,形,疏远、冷淡、见外
よち,よち,名，サ変,预知
よちよち,よちよち,副，サ変,踉跄
因って,よって,連語,因而、因此；根据；因为；利用
酔っ払う,よっぱらう,自五,喝醉酒；晕车、晕船
淀む,よどむ,自五,淤塞、停滞；没有活力；不流利
世の中,よのなか,名,世上、社会；人生；时势、时代
呼ばわる,よばわる,自五,叫唤、呼唤
呼びかける,よびかける,他下一,打招呼、呼唤；号召、呼吁
呼び出す,よびだす,他五,叫来、唤来、传唤
呼び名,よびな,名,习惯称呼、通称
呼び戻す,よびもどす,他五,叫回来、召回；忆起
呼ぶ,よぶ,他五,呼喊；叫来；邀请；称呼、叫；引起；招致
夜更かし,よふかし,名,熬夜
夜更け,よふけ,名,也深、深夜
読み,よみ,名,读、念；判断
蘇る,よみがえる,自五,复苏、复活；恢复
読書き,よみかき,名，サ変,读和写
読み方,よみかた,名,读法、念法；念法；理解法
読み取る,よみとる,他五,读懂、领会、理解
読み物,よみもの,名,读书；读物；值得一读的文章
読む,よむ,他五,读、念、诵；阅读、理解；解毒；了解；观察、揣摩；点数；考虑棋的着数
嫁入り,よめいり,名，サ変,出嫁
夜もすがら,よもすがら,副,通宵、整夜
寄り,より,名,聚集、集合；偏、靠
より,より,格助，副,出发点、起点；时间的起点；比较的基准；以外；更加；由于
寄り集まる,よりあつまる,自五,聚集、集合
寄り添う,よりそう,自五,贴近、挨近
拠り所,よりどころ,名,依靠、寄托；根据、依据
依る，拠る，因る,よる,自五,按照；依据；缘于、因为；依靠、凭借；表示行为者
寄る,よる,自五,接近；偏向；聚集；顺路到；重叠、增多；依靠、凭借
よれよれ,よれよれ,副,皱巴巴
蹌踉ける,よろける,自下一,踉跄、东倒西歪
喜ばしい,よろこばしい,形,可喜、值得高兴、喜悦
喜び,よろこび,名,欢喜、高兴；喜事、喜庆事；道喜、贺喜
喜ぶ,よろこぶ,他五,高兴、欢喜；欣然接受
宜しい,よろしい,形,方便、适宜；好
宜しく,よろしく,副,好好地、适当地；请问好、请致意；请关照；活象
よろめく,よろめく,自五,东倒西歪、踉跄；（俗）陷入迷魂阵
弱い,よわい,形,软弱、虚弱；脆弱、易坏的；微弱；不擅长、经不住
世渡り,よわたり,名，サ変,处世、生活
弱み,よわみ,名,弱点、缺点
弱める,よわめる,他下一,使衰弱；使变弱；减弱、拧小
弱弱しい,よわよわしい,形,微弱、无力；虚弱、孱弱
弱る,よわる,自五,衰弱；困窘、为难、尴尬
落書き,らくがき,名，サ変,胡写、乱涂
力む,りきむ,自五,使劲、用力；虚张声势、逞强
利する,りする,サ変,有利、有益；利用
略す,りゃくす,他五,省略、缩减
凛々しい,りりしい,形,威风凛凛、英勇、勇敢
輪タク,りんタク,名,拖斗三轮车
れっきとした,れっきとした,連体,高贵、像样的、了不起的；确凿、明显
列する,れっする,サ変,出席；列入、加入
労する,ろうする,サ変,劳苦、劳作；劳累
弄する,ろうする,サ変,嘲弄；玩弄、卖弄
碌な,ろくな,連体,令人满意的、好的
碌に,ろくに,副,（下接否定）满意、充分、很好
論じる,ろんじる,他上一,论述、阐述；争论、辩论
わいわい,わいわい,副,喧哗、吵闹
若い,わかい,形,年轻；有活力的；幼稚、未成熟；（数字、号码）小
若返る,わかがえる,自五,变得年轻、返老还童
若死に,わかじに,名，サ変,短命、夭折
沸かす,わかす,他五,烧开、烧热、加热；使情绪高涨
分かつ,わかつ,他五,分享；区分、区别；分辨、辨别、判断
若作り,わかづくり,名,打扮得年轻
我が儘,わがまま,名，形動,任性放肆、恣意
我が物顔,わがものがお,名,旁若无人、傲然、唯我独尊
我が家,わがや,名,自己的家、我家
分かる，判る,わかる,自五,理解、洞察；明白、发现；知道、认知、判断；判明；懂事
別れ,わかれ,名,离别、分开、分离
分かれ目,わかれめ,名,分界点、分水岭；关键、关头
分かれる,わかれる,自下一,分歧；分开、分裂；区分；解散
別れる,わかれる,自下一,分别、分离；离婚
湧き上がる,わきあがる,自五,煮沸、煮开、滚烫；沸腾、掀起；涌现
沸き立つ,わきたつ,自五,沸腾；欢腾、狂热；轰动、骚动
弁える,わきまえる,他下一,区别、识别、判明；领会、明白、知道、懂得
沸く,わく,自五,煮开、烧热；激动、兴奋；熔化；哄闹、叫嚷
湧く,わく,自五,涌出、冒出；发生、孽生；突然出现、涌起；产生
枠組み,わくぐみ,名,框架、构架；（事物的）结构、轮廓
わくわく,わくわく,副，サ変,心情不平静
分け入る,わけいる,自五,扒开进入
分け目,わけめ,名,发缝儿；关键、分界线
分ける,わける,他下一,分割、划分；分离、分开；分别、区别；分配；分让；拨开、置之不理；辨明是非
わざと,わざと,副,故意
災い,わざわい,名，サ変,灾难、不幸
わざわざ,わざわざ,副,特别、特意；故意
わし,わし,代,我、俺
僅か,わずか,副，形動,仅、一点点；稍微、微小；仅仅；好不容易、勉强
煩い，患い,わずらい,名,苦恼、烦恼；病
煩う，患う,わずらう,自他五,烦心、苦恼；患病、生病
煩わしい,わずらわしい,形,麻烦；烦琐、复杂
煩わす,わずらわす,他五,为……苦恼、使烦恼；麻烦、烦扰
忘れ形見,わすれがたみ,名,纪念品；孤儿
忘れっぽい,わすれっぽい,形,健忘
忘れ物,わすれもの,名,遗忘的东西、遗失的东西
忘れる,わすれる,自他下一,忘记；没注意；遗落、丢下；忘却、忘怀
蟠り,わだかまり,名,反感、隔阂、芥蒂；不满、疙瘩
蟠る,わだかまる,自五,卷、盘踞；有隔阂、存在（不满）
渡す,わたす,他五,架、跨越；渡河；交、递；给；让给
渡り,わたり,名,传来、进口；（为谋生而）奔波；鸟类季节性的迁移
渡り鳥,わたりどり,名,候鸟；到处谋生的人
渡る,わたる,自五,过河、过；渡；吹过、掠过；度日、过活；交给、归谁所有；分发到
わっしょい,わっしょい,感,嘿吆；（起哄声）嘿、噢
詫び,わび,名,道歉
侘しい,わびしい,形,寂寞；冷清、清静；贫困、寒酸
詫びる,わびる,他上一,道歉、赔不是
喚く,わめく,自五,（大声）叫、唤、喊
笑い,わらい,名,笑、微笑；嘲弄、嘲笑
笑い種,わらいぐさ,名,笑柄
笑いこける,わらいこける,自下一,捧腹大笑
笑い事,わらいごと,名,玩笑、可笑的事、有趣的事
笑い飛ばす,わらいとばす,他五,付之一笑、一笑了之
笑い話,わらいばなし,名,笑话
笑う,わらう,自他五,笑、微笑；嘲讽；花开、开绽
割り当て,わりあて,名,分配、分摊、分担
割り当てる,わりあてる,他下一,分摊、分配、分派
割り切る,わりきる,他五,断然下结论、迅速作决定；除尽
割り切れる,わりきれる,自下一,除尽；想通、理解、接受
割り込む,わりこむ,自他五,挤进、加塞儿；插嘴
割に,わりに,副,意外、格外；比较
割り引く,わりびく,他五,打折扣、削价；贴现；听话打折扣
割り振る,わりふる,他五,分派、分摊
割り前,わりまえ,名,分得的份儿
割り増し,わりまし,名,增额
割る,わる,他五,破坏；分、切、割；弄破；挤进、拨开；分配；除；分裂、离间；介入；低于、少于；对、搀和；出界；终点
悪い,わるい,形,坏、不好、恶；错误、不对；恶劣、不利；不正常的；不愉快、不舒畅；有害、不利；身体不舒服、不适；不方便；不希望；对不住
悪さ,わるさ,名,坏、不好、恶劣；淘气
我勝ちに,われがちに,副,争先恐后
我知らず,われしらず,副,不知不觉地、无意识地
我ながら,われながら,副,连自己都
割れ目,われめ,名,裂纹、裂口、裂缝
割れ物,われもの,名,易碎之物
割れる,われる,自下一,碎、坏了；裂开；整除；分裂；暴露、败露；声音难听、刺耳
